2026-09-29 21:29:18 [ABD3D] 20:29:18 Fetching batch...
2026-09-29 21:29:19 [ABD3D] 20:29:19 Batch ready ✅
2026-09-29 21:29:19 [ABD3D] 20:29:19 Forward pass...
2026-09-29 21:29:19 [ABD3D] 20:29:19 Forward done ✅
2026-09-29 21:29:20 [ABD3D] 20:29:20 WandB logging...
2026-09-29 21:29:20 [ABD3D] 20:29:20 WandB done ✅
2026-09-29 21:29:20 Step 10981/999999999998 | Loss: 0.8738 | MSE: 0.8684 | LPIPS: 0.3049 | KL: 0.0000 | KLw: 1.00 | LR: 2.50e-05 | W: 1.00/0.018/1e-02 | GPU: 15.1GB
2026-09-29 21:29:20 [ABD3D] 20:29:20 Fetching batch...
2026-09-29 21:29:20 [ABD3D] 20:29:20 Batch ready ✅
2026-09-29 21:29:20 [ABD3D] 20:29:20 Forward pass...
2026-09-29 21:29:20 [ABD3D] 20:29:20 Forward done ✅
2026-09-29 21:29:21 [ABD3D] 20:29:21 WandB logging...
2026-09-29 21:29:21 [ABD3D] 20:29:21 WandB done ✅
2026-09-29 21:29:21 Step 10982/999999999998 | Loss: 0.8741 | MSE: 0.8688 | LPIPS: 0.3048 | KL: 0.0000 | KLw: 1.00 | LR: 2.50e-05 | W: 1.00/0.018/1e-02 | GPU: 15.1GB
2026-09-29 21:29:21 [ABD3D] 20:29:21 Fetching batch...
2026-09-29 21:29:21 [ABD3D] 20:29:21 Batch ready ✅
2026-09-29 21:29:21 [ABD3D] 20:29:21 Forward pass...
2026-09-29 21:29:21 [ABD3D] 20:29:21 Forward done ✅
2026-09-29 21:29:23 [ABD3D] 20:29:23 WandB logging...
2026-09-29 21:29:23 [ABD3D] 20:29:23 WandB done ✅
2026-09-29 21:29:23 Step 10983/999999999998 | Loss: 0.8741 | MSE: 0.8688 | LPIPS: 0.3048 | KL: 0.0000 | KLw: 1.00 | LR: 2.50e-05 | W: 1.00/0.018/1e-02 | GPU: 15.1GB
2026-09-29 21:29:23 [ABD3D] 20:29:23 Fetching batch...
2026-09-29 21:29:23 [ABD3D] 20:29:23 Batch ready ✅
2026-09-29 21:29:23 [ABD3D] 20:29:23 Forward pass...
2026-09-29 21:29:23 [ABD3D] 20:29:23 Forward done ✅
2026-09-29 21:29:24 [ABD3D] 20:29:24 WandB logging...
2026-09-29 21:29:24 [ABD3D] 20:29:24 WandB done ✅
2026-09-29 21:29:24 Step 10984/999999999998 | Loss: 0.8742 | MSE: 0.8688 | LPIPS: 0.3047 | KL: 0.0000 | KLw: 1.00 | LR: 2.50e-05 | W: 1.00/0.018/1e-02 | GPU: 15.1GB
2026-09-29 21:29:24 [ABD3D] 20:29:24 Fetching batch...
2026-09-29 21:29:24 [ABD3D] 20:29:24 Batch ready ✅
2026-09-29 21:29:24 [ABD3D] 20:29:24 Forward pass...
2026-09-29 21:29:24 [ABD3D] 20:29:24 Forward done ✅
2026-09-29 21:29:25 [ABD3D] 20:29:25 WandB logging...
2026-09-29 21:29:25 [ABD3D] 20:29:25 WandB done ✅
2026-09-29 21:29:25 Step 10985/999999999998 | Loss: 0.8736 | MSE: 0.8682 | LPIPS: 0.3051 | KL: 0.0000 | KLw: 1.00 | LR: 2.50e-05 | W: 1.00/0.018/1e-02 | GPU: 15.1GB
2026-09-29 21:29:25 [ABD3D] 20:29:25 Fetching batch...
2026-09-29 21:29:26 [ABD3D] 20:29:26 Batch ready ✅
2026-09-29 21:29:26 [ABD3D] 20:29:26 Forward pass...
2026-09-29 21:29:26 [ABD3D] 20:29:26 Forward done ✅
2026-09-29 21:29:27 [ABD3D] 20:29:27 WandB logging...
2026-09-29 21:29:27 [ABD3D] 20:29:27 WandB done ✅
2026-09-29 21:29:27 Step 10986/999999999998 | Loss: 0.8564 | MSE: 0.8508 | LPIPS: 0.3154 | KL: 0.0000 | KLw: 1.00 | LR: 2.50e-05 | W: 1.00/0.018/1e-02 | GPU: 15.1GB
2026-09-29 21:29:27 [ABD3D] 20:29:27 Fetching batch...
2026-09-29 21:29:27 [ABD3D] 20:29:27 Batch ready ✅
2026-09-29 21:29:27 [ABD3D] 20:29:27 Forward pass...
2026-09-29 21:29:27 [ABD3D] 20:29:27 Forward done ✅
2026-09-29 21:29:29 [ABD3D] 20:29:29 WandB logging...
2026-09-29 21:29:29 [ABD3D] 20:29:29 WandB done ✅
2026-09-29 21:29:29 Step 10987/999999999998 | Loss: 0.8562 | MSE: 0.8506 | LPIPS: 0.3155 | KL: 0.0000 | KLw: 1.00 | LR: 2.50e-05 | W: 1.00/0.018/1e-02 | GPU: 15.1GB
2026-09-29 21:29:29 [ABD3D] 20:29:29 Fetching batch...
2026-09-29 21:29:29 [ABD3D] 20:29:29 Batch ready ✅
2026-09-29 21:29:29 [ABD3D] 20:29:29 Forward pass...
2026-09-29 21:29:29 [ABD3D] 20:29:29 Forward done ✅
2026-09-29 21:29:30 [ABD3D] 20:29:30 WandB logging...
2026-09-29 21:29:30 [ABD3D] 20:29:30 WandB done ✅
2026-09-29 21:29:30 Step 10988/999999999998 | Loss: 0.8563 | MSE: 0.8507 | LPIPS: 0.3155 | KL: 0.0000 | KLw: 1.00 | LR: 2.50e-05 | W: 1.00/0.018/1e-02 | GPU: 15.1GB
2026-09-29 21:29:30 [ABD3D] 20:29:30 Fetching batch...
2026-09-29 21:29:30 [ABD3D] 20:29:30 Batch ready ✅
2026-09-29 21:29:30 [ABD3D] 20:29:30 Forward pass...
2026-09-29 21:29:30 [ABD3D] 20:29:30 Forward done ✅
2026-09-29 21:29:31 [ABD3D] 20:29:31 WandB logging...
2026-09-29 21:29:31 [ABD3D] 20:29:31 WandB done ✅
2026-09-29 21:29:31 Step 10989/999999999998 | Loss: 0.8560 | MSE: 0.8504 | LPIPS: 0.3157 | KL: 0.0000 | KLw: 1.00 | LR: 2.50e-05 | W: 1.00/0.018/1e-02 | GPU: 15.1GB
2026-09-29 21:29:31 [ABD3D] 20:29:31 Fetching batch...
2026-09-29 21:29:31 [ABD3D] 20:29:31 Batch ready ✅
2026-09-29 21:29:31 [ABD3D] 20:29:31 Forward pass...
2026-09-29 21:29:31 [ABD3D] 20:29:31 Forward done ✅
2026-09-29 21:29:33 [ABD3D] 20:29:33 WandB logging...
2026-09-29 21:29:33 [ABD3D] 20:29:33 WandB done ✅
2026-09-29 21:29:33 Step 10990/999999999998 | Loss: 0.8557 | MSE: 0.8502 | LPIPS: 0.3159 | KL: 0.0000 | KLw: 1.00 | LR: 2.50e-05 | W: 1.00/0.018/1e-02 | GPU: 15.1GB
2026-09-29 21:29:33 [ABD3D] 20:29:33 Fetching batch...
2026-09-29 21:29:33 [ABD3D] 20:29:33 Batch ready ✅
2026-09-29 21:29:33 [ABD3D] 20:29:33 Forward pass...
2026-09-29 21:29:33 [ABD3D] 20:29:33 Forward done ✅
2026-09-29 21:29:34 [ABD3D] 20:29:34 WandB logging...
2026-09-29 21:29:34 [ABD3D] 20:29:34 WandB done ✅
2026-09-29 21:29:34 Step 10991/999999999998 | Loss: 0.8560 | MSE: 0.8505 | LPIPS: 0.3156 | KL: 0.0000 | KLw: 1.00 | LR: 2.50e-05 | W: 1.00/0.018/1e-02 | GPU: 15.1GB
2026-09-29 21:29:34 [ABD3D] 20:29:34 Fetching batch...
2026-09-29 21:29:34 [ABD3D] 20:29:34 Batch ready ✅
2026-09-29 21:29:34 [ABD3D] 20:29:34 Forward pass...
2026-09-29 21:29:34 [ABD3D] 20:29:34 Forward done ✅
2026-09-29 21:29:35 [ABD3D] 20:29:35 WandB logging...
2026-09-29 21:29:35 [ABD3D] 20:29:35 WandB done ✅
2026-09-29 21:29:35 Step 10992/999999999998 | Loss: 0.8543 | MSE: 0.8487 | LPIPS: 0.3191 | KL: 0.0000 | KLw: 1.00 | LR: 2.50e-05 | W: 1.00/0.018/1e-02 | GPU: 15.1GB
2026-09-29 21:29:35 [ABD3D] 20:29:35 Fetching batch...
2026-09-29 21:29:36 [ABD3D] 20:29:36 Batch ready ✅
2026-09-29 21:29:36 [ABD3D] 20:29:36 Forward pass...
2026-09-29 21:29:36 [ABD3D] 20:29:36 Forward done ✅
2026-09-29 21:29:37 [ABD3D] 20:29:37 WandB logging...
2026-09-29 21:29:37 [ABD3D] 20:29:37 WandB done ✅
2026-09-29 21:29:37 Step 10993/999999999998 | Loss: 0.8544 | MSE: 0.8487 | LPIPS: 0.3191 | KL: 0.0000 | KLw: 1.00 | LR: 2.50e-05 | W: 1.00/0.018/1e-02 | GPU: 15.1GB
2026-09-29 21:29:37 [ABD3D] 20:29:37 Fetching batch...
2026-09-29 21:29:37 [ABD3D] 20:29:37 Batch ready ✅
2026-09-29 21:29:37 [ABD3D] 20:29:37 Forward pass...
2026-09-29 21:29:37 [ABD3D] 20:29:37 Forward done ✅
2026-09-29 21:29:38 [ABD3D] 20:29:38 WandB logging...
2026-09-29 21:29:38 [ABD3D] 20:29:38 WandB done ✅
2026-09-29 21:29:38 Step 10994/999999999998 | Loss: 0.8543 | MSE: 0.8487 | LPIPS: 0.3189 | KL: 0.0000 | KLw: 1.00 | LR: 2.50e-05 | W: 1.00/0.018/1e-02 | GPU: 15.1GB
2026-09-29 21:29:38 [ABD3D] 20:29:38 Fetching batch...
2026-09-29 21:29:38 [ABD3D] 20:29:38 Batch ready ✅
2026-09-29 21:29:38 [ABD3D] 20:29:38 Forward pass...
2026-09-29 21:29:38 [ABD3D] 20:29:38 Forward done ✅
2026-09-29 21:29:40 [ABD3D] 20:29:40 WandB logging...
2026-09-29 21:29:40 [ABD3D] 20:29:40 WandB done ✅
2026-09-29 21:29:40 Step 10995/999999999998 | Loss: 0.8543 | MSE: 0.8487 | LPIPS: 0.3190 | KL: 0.0000 | KLw: 1.00 | LR: 2.50e-05 | W: 1.00/0.018/1e-02 | GPU: 15.1GB
2026-09-29 21:29:40 [ABD3D] 20:29:40 Fetching batch...
2026-09-29 21:29:40 [ABD3D] 20:29:40 Batch ready ✅
2026-09-29 21:29:40 [ABD3D] 20:29:40 Forward pass...
2026-09-29 21:29:40 [ABD3D] 20:29:40 Forward done ✅
2026-09-29 21:29:41 [ABD3D] 20:29:41 WandB logging...
2026-09-29 21:29:41 [ABD3D] 20:29:41 WandB done ✅
2026-09-29 21:29:41 Step 10996/999999999998 | Loss: 0.8543 | MSE: 0.8487 | LPIPS: 0.3187 | KL: 0.0000 | KLw: 1.00 | LR: 2.50e-05 | W: 1.00/0.018/1e-02 | GPU: 15.1GB
2026-09-29 21:29:41 [ABD3D] 20:29:41 Fetching batch...
2026-09-29 21:29:41 [ABD3D] 20:29:41 Batch ready ✅
2026-09-29 21:29:41 [ABD3D] 20:29:41 Forward pass...
2026-09-29 21:29:41 [ABD3D] 20:29:41 Forward done ✅
2026-09-29 21:29:42 [ABD3D] 20:29:42 WandB logging...
2026-09-29 21:29:42 [ABD3D] 20:29:42 WandB done ✅
2026-09-29 21:29:42 Step 10997/999999999998 | Loss: 0.8543 | MSE: 0.8487 | LPIPS: 0.3190 | KL: 0.0000 | KLw: 1.00 | LR: 2.50e-05 | W: 1.00/0.018/1e-02 | GPU: 15.1GB
2026-09-29 21:29:42 [ABD3D] 20:29:42 Fetching batch...
2026-09-29 21:29:42 [ABD3D] Yielded 192 samples from shard ✅
2026-09-29 21:29:42 [ABD3D] Deleted shard dome_objaverse/0/13332.parquet ✅
2026-09-29 21:29:42 [ABD3D] Advanced to shard 471/83296
2026-09-29 21:29:42 [ABD3D] Shard done → next shard (step 10998)
2026-09-29 21:29:43 [ABD3D] Loaded 83296 shards from local cache ✅
2026-09-29 21:29:43 [ABD3D] 20:29:43 Fetching batch...
2026-09-29 21:29:43 [ABD3D] Loading shard 471/83296: dome_objaverse/0/13343.parquet
2026-09-29 21:29:43 [ABD3D] Downloading: dome_objaverse/0/13343.parquet (attempt 1/5)
2026-09-29 21:29:43 [ABD3D] Downloaded 13.4MB ✅
2026-09-29 21:29:44 [ABD3D] Decoded rows 32/48; valid views buffered: 32
2026-09-29 21:29:44 [ABD3D] 20:29:44 Batch ready ✅
2026-09-29 21:29:44 [ABD3D] 20:29:44 Forward pass...
2026-09-29 21:29:44 [ABD3D] 20:29:44 Forward done ✅
2026-09-29 21:29:45 [ABD3D] 20:29:45 WandB logging...
2026-09-29 21:29:45 [ABD3D] 20:29:45 WandB done ✅
2026-09-29 21:29:45 Step 10998/999999999998 | Loss: 0.8041 | MSE: 0.7980 | LPIPS: 0.3494 | KL: 0.0000 | KLw: 1.00 | LR: 2.50e-05 | W: 1.00/0.018/1e-02 | GPU: 15.1GB
2026-09-29 21:29:45 [ABD3D] 20:29:45 Fetching batch...
2026-09-29 21:29:45 [ABD3D] 20:29:45 Batch ready ✅
2026-09-29 21:29:45 [ABD3D] 20:29:45 Forward pass...
2026-09-29 21:29:46 [ABD3D] 20:29:46 Forward done ✅
2026-09-29 21:29:47 [ABD3D] 20:29:47 WandB logging...
2026-09-29 21:29:47 [ABD3D] 20:29:47 WandB done ✅
2026-09-29 21:29:47 Step 10999/999999999998 | Loss: 0.8017 | MSE: 0.7955 | LPIPS: 0.3511 | KL: 0.0000 | KLw: 1.00 | LR: 2.50e-05 | W: 1.00/0.018/1e-02 | GPU: 15.1GB
2026-09-29 21:29:47 [ABD3D] 20:29:47 Fetching batch...
2026-09-29 21:29:47 [ABD3D] 20:29:47 Batch ready ✅
2026-09-29 21:29:47 [ABD3D] 20:29:47 Forward pass...
2026-09-29 21:29:47 [ABD3D] 20:29:47 Forward done ✅
2026-09-29 21:29:48 [ABD3D] ⚠️ Posterior collapse! KL≈0 → KL weight × 10 = 1.00e-02
2026-09-29 21:29:48 [ABD3D] Weights updated → MSE=1.000 LPIPS=0.014 KL=1.00e-02
2026-09-29 21:29:48 [ABD3D] 20:29:48 WandB logging...
2026-09-29 21:29:48 [ABD3D] 20:29:48 WandB done ✅
2026-09-29 21:29:48 Step 11000/999999999998 | Loss: 0.7993 | MSE: 0.7943 | LPIPS: 0.3519 | KL: 0.0000 | KLw: 1.00 | LR: 2.50e-05 | W: 1.00/0.014/1e-02 | GPU: 15.1GB
2026-09-29 21:29:48 [ABD3D] 20:29:48 Fetching batch...
2026-09-29 21:29:48 [ABD3D] 20:29:48 Batch ready ✅
2026-09-29 21:29:48 [ABD3D] 20:29:48 Forward pass...
2026-09-29 21:29:48 [ABD3D] 20:29:48 Forward done ✅
2026-09-29 21:29:50 [ABD3D] 20:29:50 WandB logging...
2026-09-29 21:29:50 [ABD3D] 20:29:50 WandB done ✅
2026-09-29 21:29:50 Step 11001/999999999998 | Loss: 0.8008 | MSE: 0.7959 | LPIPS: 0.3508 | KL: 0.0000 | KLw: 1.00 | LR: 2.50e-05 | W: 1.00/0.014/1e-02 | GPU: 15.1GB
2026-09-29 21:29:50 [ABD3D] 20:29:50 Fetching batch...
2026-09-29 21:29:50 [ABD3D] 20:29:50 Batch ready ✅
2026-09-29 21:29:50 [ABD3D] 20:29:50 Forward pass...
2026-09-29 21:29:50 [ABD3D] 20:29:50 Forward done ✅
2026-09-29 21:29:51 [ABD3D] 20:29:51 WandB logging...
2026-09-29 21:29:51 [ABD3D] 20:29:51 WandB done ✅
2026-09-29 21:29:51 Step 11002/999999999998 | Loss: 0.8012 | MSE: 0.7963 | LPIPS: 0.3504 | KL: 0.0000 | KLw: 1.00 | LR: 2.50e-05 | W: 1.00/0.014/1e-02 | GPU: 15.1GB
2026-09-29 21:29:51 [ABD3D] 20:29:51 Fetching batch...
2026-09-29 21:29:51 [ABD3D] 20:29:51 Batch ready ✅
2026-09-29 21:29:51 [ABD3D] 20:29:51 Forward pass...
2026-09-29 21:29:51 [ABD3D] 20:29:51 Forward done ✅
2026-09-29 21:29:52 [ABD3D] 20:29:52 WandB logging...
2026-09-29 21:29:52 [ABD3D] 20:29:52 WandB done ✅
2026-09-29 21:29:52 Step 11003/999999999998 | Loss: 0.8014 | MSE: 0.7965 | LPIPS: 0.3505 | KL: 0.0000 | KLw: 1.00 | LR: 2.50e-05 | W: 1.00/0.014/1e-02 | GPU: 15.1GB
2026-09-29 21:29:52 [ABD3D] 20:29:52 Fetching batch...
2026-09-29 21:29:53 [ABD3D] 20:29:52 Batch ready ✅
2026-09-29 21:29:53 [ABD3D] 20:29:53 Forward pass...
2026-09-29 21:29:53 [ABD3D] 20:29:53 Forward done ✅
2026-09-29 21:29:54 [ABD3D] 20:29:54 WandB logging...
2026-09-29 21:29:54 [ABD3D] 20:29:54 WandB done ✅
2026-09-29 21:29:54 Step 11004/999999999998 | Loss: 0.8207 | MSE: 0.8159 | LPIPS: 0.3423 | KL: 0.0000 | KLw: 1.00 | LR: 2.50e-05 | W: 1.00/0.014/1e-02 | GPU: 15.1GB
2026-09-29 21:29:54 [ABD3D] 20:29:54 Fetching batch...
2026-09-29 21:29:54 [ABD3D] 20:29:54 Batch ready ✅
2026-09-29 21:29:54 [ABD3D] 20:29:54 Forward pass...
2026-09-29 21:29:54 [ABD3D] 20:29:54 Forward done ✅
2026-09-29 21:29:55 [ABD3D] 20:29:55 WandB logging...
2026-09-29 21:29:55 [ABD3D] 20:29:55 WandB done ✅
2026-09-29 21:29:55 Step 11005/999999999998 | Loss: 0.8216 | MSE: 0.8168 | LPIPS: 0.3417 | KL: 0.0000 | KLw: 1.00 | LR: 2.50e-05 | W: 1.00/0.014/1e-02 | GPU: 15.1GB
2026-09-29 21:29:55 [ABD3D] 20:29:55 Fetching batch...
2026-09-29 21:29:55 [ABD3D] 20:29:55 Batch ready ✅
2026-09-29 21:29:55 [ABD3D] 20:29:55 Forward pass...
2026-09-29 21:29:55 [ABD3D] 20:29:55 Forward done ✅
2026-09-29 21:29:57 [ABD3D] 20:29:57 WandB logging...
2026-09-29 21:29:57 [ABD3D] 20:29:57 WandB done ✅
2026-09-29 21:29:57 Step 11006/999999999998 | Loss: 0.8221 | MSE: 0.8173 | LPIPS: 0.3413 | KL: 0.0000 | KLw: 1.00 | LR: 2.50e-05 | W: 1.00/0.014/1e-02 | GPU: 15.1GB
2026-09-29 21:29:57 [ABD3D] 20:29:57 Fetching batch...
2026-09-29 21:29:57 [ABD3D] 20:29:57 Batch ready ✅
2026-09-29 21:29:57 [ABD3D] 20:29:57 Forward pass...
2026-09-29 21:29:57 [ABD3D] 20:29:57 Forward done ✅
2026-09-29 21:29:58 [ABD3D] 20:29:58 WandB logging...
2026-09-29 21:29:58 [ABD3D] 20:29:58 WandB done ✅
2026-09-29 21:29:58 Step 11007/999999999998 | Loss: 0.8203 | MSE: 0.8155 | LPIPS: 0.3424 | KL: 0.0000 | KLw: 1.00 | LR: 2.50e-05 | W: 1.00/0.014/1e-02 | GPU: 15.1GB
2026-09-29 21:29:58 [ABD3D] 20:29:58 Fetching batch...
2026-09-29 21:29:58 [ABD3D] 20:29:58 Batch ready ✅
2026-09-29 21:29:58 [ABD3D] 20:29:58 Forward pass...
2026-09-29 21:29:58 [ABD3D] 20:29:58 Forward done ✅
2026-09-29 21:29:59 [ABD3D] 20:29:59 WandB logging...
2026-09-29 21:29:59 [ABD3D] 20:29:59 WandB done ✅
2026-09-29 21:29:59 Step 11008/999999999998 | Loss: 0.8200 | MSE: 0.8151 | LPIPS: 0.3426 | KL: 0.0000 | KLw: 1.00 | LR: 2.50e-05 | W: 1.00/0.014/1e-02 | GPU: 15.1GB
2026-09-29 21:29:59 [ABD3D] 20:29:59 Fetching batch...
2026-09-29 21:29:59 [ABD3D] 20:29:59 Batch ready ✅
2026-09-29 21:30:00 [ABD3D] 20:30:00 Forward pass...
2026-09-29 21:30:00 [ABD3D] 20:30:00 Forward done ✅
2026-09-29 21:30:01 [ABD3D] 20:30:01 WandB logging...
2026-09-29 21:30:01 [ABD3D] 20:30:01 WandB done ✅
2026-09-29 21:30:01 Step 11009/999999999998 | Loss: 0.8222 | MSE: 0.8174 | LPIPS: 0.3414 | KL: 0.0000 | KLw: 1.00 | LR: 2.50e-05 | W: 1.00/0.014/1e-02 | GPU: 15.1GB
2026-09-29 21:30:01 [ABD3D] 20:30:01 Fetching batch...
2026-09-29 21:30:01 [ABD3D] 20:30:01 Batch ready ✅
2026-09-29 21:30:01 [ABD3D] 20:30:01 Forward pass...
2026-09-29 21:30:01 [ABD3D] 20:30:01 Forward done ✅
2026-09-29 21:30:02 [ABD3D] 20:30:02 WandB logging...
2026-09-29 21:30:02 [ABD3D] 20:30:02 WandB done ✅
2026-09-29 21:30:02 Step 11010/999999999998 | Loss: 0.8625 | MSE: 0.8581 | LPIPS: 0.3134 | KL: 0.0000 | KLw: 1.00 | LR: 2.50e-05 | W: 1.00/0.014/1e-02 | GPU: 15.1GB
2026-09-29 21:30:02 [ABD3D] 20:30:02 Fetching batch...
2026-09-29 21:30:03 [ABD3D] 20:30:03 Batch ready ✅
2026-09-29 21:30:03 [ABD3D] 20:30:03 Forward pass...
2026-09-29 21:30:03 [ABD3D] 20:30:03 Forward done ✅
2026-09-29 21:30:04 [ABD3D] 20:30:04 WandB logging...
2026-09-29 21:30:04 [ABD3D] 20:30:04 WandB done ✅
2026-09-29 21:30:04 Step 11011/999999999998 | Loss: 0.8615 | MSE: 0.8571 | LPIPS: 0.3138 | KL: 0.0000 | KLw: 1.00 | LR: 2.50e-05 | W: 1.00/0.014/1e-02 | GPU: 15.1GB
2026-09-29 21:30:04 [ABD3D] 20:30:04 Fetching batch...
2026-09-29 21:30:04 [ABD3D] 20:30:04 Batch ready ✅
2026-09-29 21:30:04 [ABD3D] 20:30:04 Forward pass...
2026-09-29 21:30:04 [ABD3D] 20:30:04 Forward done ✅
2026-09-29 21:30:05 [ABD3D] 20:30:05 WandB logging...
2026-09-29 21:30:05 [ABD3D] 20:30:05 WandB done ✅
2026-09-29 21:30:05 Step 11012/999999999998 | Loss: 0.8607 | MSE: 0.8562 | LPIPS: 0.3145 | KL: 0.0000 | KLw: 1.00 | LR: 2.50e-05 | W: 1.00/0.014/1e-02 | GPU: 15.1GB
2026-09-29 21:30:05 [ABD3D] 20:30:05 Fetching batch...
2026-09-29 21:30:05 [ABD3D] 20:30:05 Batch ready ✅
2026-09-29 21:30:05 [ABD3D] 20:30:05 Forward pass...
2026-09-29 21:30:05 [ABD3D] 20:30:05 Forward done ✅
2026-09-29 21:30:07 [ABD3D] 20:30:07 WandB logging...
2026-09-29 21:30:07 [ABD3D] 20:30:07 WandB done ✅
2026-09-29 21:30:07 Step 11013/999999999998 | Loss: 0.8609 | MSE: 0.8564 | LPIPS: 0.3142 | KL: 0.0000 | KLw: 1.00 | LR: 2.50e-05 | W: 1.00/0.014/1e-02 | GPU: 15.1GB
2026-09-29 21:30:07 [ABD3D] 20:30:07 Fetching batch...
2026-09-29 21:30:07 [ABD3D] 20:30:07 Batch ready ✅
2026-09-29 21:30:07 [ABD3D] 20:30:07 Forward pass...
2026-09-29 21:30:07 [ABD3D] 20:30:07 Forward done ✅
2026-09-29 21:30:08 [ABD3D] 20:30:08 WandB logging...
2026-09-29 21:30:08 [ABD3D] 20:30:08 WandB done ✅
2026-09-29 21:30:08 Step 11014/999999999998 | Loss: 0.8623 | MSE: 0.8578 | LPIPS: 0.3134 | KL: 0.0000 | KLw: 1.00 | LR: 2.50e-05 | W: 1.00/0.014/1e-02 | GPU: 15.1GB
2026-09-29 21:30:08 [ABD3D] 20:30:08 Fetching batch...
2026-09-29 21:30:08 [ABD3D] 20:30:08 Batch ready ✅
2026-09-29 21:30:08 [ABD3D] 20:30:08 Forward pass...
2026-09-29 21:30:08 [ABD3D] 20:30:08 Forward done ✅
2026-09-29 21:30:10 [ABD3D] 20:30:10 WandB logging...
2026-09-29 21:30:10 [ABD3D] 20:30:10 WandB done ✅
2026-09-29 21:30:10 Step 11015/999999999998 | Loss: 0.8611 | MSE: 0.8567 | LPIPS: 0.3141 | KL: 0.0000 | KLw: 1.00 | LR: 2.50e-05 | W: 1.00/0.014/1e-02 | GPU: 15.1GB
2026-09-29 21:30:10 [ABD3D] 20:30:10 Fetching batch...
2026-09-29 21:30:10 [ABD3D] 20:30:10 Batch ready ✅
2026-09-29 21:30:10 [ABD3D] 20:30:10 Forward pass...
2026-09-29 21:30:10 [ABD3D] 20:30:10 Forward done ✅
2026-09-29 21:30:11 [ABD3D] 20:30:11 WandB logging...
2026-09-29 21:30:11 [ABD3D] 20:30:11 WandB done ✅
2026-09-29 21:30:11 Step 11016/999999999998 | Loss: 0.9484 | MSE: 0.9445 | LPIPS: 0.2729 | KL: 0.0000 | KLw: 1.00 | LR: 2.50e-05 | W: 1.00/0.014/1e-02 | GPU: 15.1GB
2026-09-29 21:30:11 [ABD3D] 20:30:11 Fetching batch...
2026-09-29 21:30:11 [ABD3D] 20:30:11 Batch ready ✅
2026-09-29 21:30:11 [ABD3D] 20:30:11 Forward pass...
2026-09-29 21:30:11 [ABD3D] 20:30:11 Forward done ✅
2026-09-29 21:30:12 [ABD3D] 20:30:12 WandB logging...
2026-09-29 21:30:12 [ABD3D] 20:30:12 WandB done ✅
2026-09-29 21:30:12 Step 11017/999999999998 | Loss: 0.9484 | MSE: 0.9445 | LPIPS: 0.2732 | KL: 0.0000 | KLw: 1.00 | LR: 2.50e-05 | W: 1.00/0.014/1e-02 | GPU: 15.1GB
2026-09-29 21:30:12 [ABD3D] 20:30:12 Fetching batch...
2026-09-29 21:30:12 [ABD3D] 20:30:12 Batch ready ✅
2026-09-29 21:30:12 [ABD3D] 20:30:12 Forward pass...
2026-09-29 21:30:12 [ABD3D] 20:30:12 Forward done ✅
2026-09-29 21:30:14 [ABD3D] 20:30:14 WandB logging...
2026-09-29 21:30:14 [ABD3D] 20:30:14 WandB done ✅
2026-09-29 21:30:14 Step 11018/999999999998 | Loss: 0.9484 | MSE: 0.9445 | LPIPS: 0.2729 | KL: 0.0000 | KLw: 1.00 | LR: 2.50e-05 | W: 1.00/0.014/1e-02 | GPU: 15.1GB
2026-09-29 21:30:14 [ABD3D] 20:30:14 Fetching batch...
2026-09-29 21:30:14 [ABD3D] 20:30:14 Batch ready ✅
2026-09-29 21:30:14 [ABD3D] 20:30:14 Forward pass...
2026-09-29 21:30:14 [ABD3D] 20:30:14 Forward done ✅
2026-09-29 21:30:15 [ABD3D] 20:30:15 WandB logging...
2026-09-29 21:30:15 [ABD3D] 20:30:15 WandB done ✅
2026-09-29 21:30:15 Step 11019/999999999998 | Loss: 0.9484 | MSE: 0.9445 | LPIPS: 0.2732 | KL: 0.0000 | KLw: 1.00 | LR: 2.50e-05 | W: 1.00/0.014/1e-02 | GPU: 15.1GB
2026-09-29 21:30:15 [ABD3D] 20:30:15 Fetching batch...
2026-09-29 21:30:15 [ABD3D] 20:30:15 Batch ready ✅
2026-09-29 21:30:15 [ABD3D] 20:30:15 Forward pass...
2026-09-29 21:30:15 [ABD3D] 20:30:15 Forward done ✅
2026-09-29 21:30:16 [ABD3D] 20:30:16 WandB logging...
2026-09-29 21:30:16 [ABD3D] 20:30:16 WandB done ✅
2026-09-29 21:30:16 Step 11020/999999999998 | Loss: 0.9484 | MSE: 0.9446 | LPIPS: 0.2732 | KL: 0.0000 | KLw: 1.00 | LR: 2.50e-05 | W: 1.00/0.014/1e-02 | GPU: 15.1GB
2026-09-29 21:30:16 [ABD3D] 20:30:16 Fetching batch...
2026-09-29 21:30:17 [ABD3D] 20:30:17 Batch ready ✅
2026-09-29 21:30:17 [ABD3D] 20:30:17 Forward pass...
2026-09-29 21:30:17 [ABD3D] 20:30:17 Forward done ✅
2026-09-29 21:30:18 [ABD3D] 20:30:18 WandB logging...
2026-09-29 21:30:18 [ABD3D] 20:30:18 WandB done ✅
2026-09-29 21:30:18 Step 11021/999999999998 | Loss: 0.9484 | MSE: 0.9445 | LPIPS: 0.2734 | KL: 0.0000 | KLw: 1.00 | LR: 2.50e-05 | W: 1.00/0.014/1e-02 | GPU: 15.1GB
2026-09-29 21:30:18 [ABD3D] 20:30:18 Fetching batch...
2026-09-29 21:30:18 [ABD3D] Yielded 192 samples from shard ✅
2026-09-29 21:30:18 [ABD3D] Deleted shard dome_objaverse/0/13343.parquet ✅
2026-09-29 21:30:18 [ABD3D] Advanced to shard 472/83296
2026-09-29 21:30:18 [ABD3D] Shard done → next shard (step 11022)
2026-09-29 21:30:18 [ABD3D] Loaded 83296 shards from local cache ✅
2026-09-29 21:30:18 [ABD3D] 20:30:18 Fetching batch...
2026-09-29 21:30:18 [ABD3D] Loading shard 472/83296: dome_objaverse/0/13367.parquet
2026-09-29 21:30:18 [ABD3D] Downloading: dome_objaverse/0/13367.parquet (attempt 1/5)
2026-09-29 21:30:19 [ABD3D] Downloaded 6.8MB ✅
2026-09-29 21:30:19 [ABD3D] Decoded rows 32/48; valid views buffered: 32
2026-09-29 21:30:19 [ABD3D] 20:30:19 Batch ready ✅
2026-09-29 21:30:19 [ABD3D] 20:30:19 Forward pass...
2026-09-29 21:30:19 [ABD3D] 20:30:19 Forward done ✅
2026-09-29 21:30:21 [ABD3D] 20:30:21 WandB logging...
2026-09-29 21:30:21 [ABD3D] 20:30:21 WandB done ✅
2026-09-29 21:30:21 Step 11022/999999999998 | Loss: 0.9543 | MSE: 0.9505 | LPIPS: 0.2643 | KL: 0.0000 | KLw: 1.00 | LR: 2.50e-05 | W: 1.00/0.014/1e-02 | GPU: 15.1GB
2026-09-29 21:30:21 [ABD3D] 20:30:21 Fetching batch...
2026-09-29 21:30:21 [ABD3D] 20:30:21 Batch ready ✅
2026-09-29 21:30:21 [ABD3D] 20:30:21 Forward pass...
2026-09-29 21:30:21 [ABD3D] 20:30:21 Forward done ✅
2026-09-29 21:30:22 [ABD3D] 20:30:22 WandB logging...
2026-09-29 21:30:22 [ABD3D] 20:30:22 WandB done ✅
2026-09-29 21:30:22 Step 11023/999999999998 | Loss: 0.9544 | MSE: 0.9507 | LPIPS: 0.2642 | KL: 0.0000 | KLw: 1.00 | LR: 2.50e-05 | W: 1.00/0.014/1e-02 | GPU: 15.1GB
2026-09-29 21:30:22 [ABD3D] 20:30:22 Fetching batch...
2026-09-29 21:30:22 [ABD3D] 20:30:22 Batch ready ✅
2026-09-29 21:30:22 [ABD3D] 20:30:22 Forward pass...
2026-09-29 21:30:22 [ABD3D] 20:30:22 Forward done ✅
2026-09-29 21:30:23 [ABD3D] 20:30:23 WandB logging...
2026-09-29 21:30:23 [ABD3D] 20:30:23 WandB done ✅
2026-09-29 21:30:23 Step 11024/999999999998 | Loss: 0.9540 | MSE: 0.9503 | LPIPS: 0.2645 | KL: 0.0000 | KLw: 1.00 | LR: 2.50e-05 | W: 1.00/0.014/1e-02 | GPU: 15.1GB
2026-09-29 21:30:23 [ABD3D] 20:30:23 Fetching batch...
2026-09-29 21:30:24 [ABD3D] 20:30:24 Batch ready ✅
2026-09-29 21:30:24 [ABD3D] 20:30:24 Forward pass...
2026-09-29 21:30:24 [ABD3D] 20:30:24 Forward done ✅
2026-09-29 21:30:25 [ABD3D] 20:30:25 WandB logging...
2026-09-29 21:30:25 [ABD3D] 20:30:25 WandB done ✅
2026-09-29 21:30:25 Step 11025/999999999998 | Loss: 0.9545 | MSE: 0.9508 | LPIPS: 0.2640 | KL: 0.0000 | KLw: 1.00 | LR: 2.50e-05 | W: 1.00/0.014/1e-02 | GPU: 15.1GB
2026-09-29 21:30:25 [ABD3D] 20:30:25 Fetching batch...
2026-09-29 21:30:25 [ABD3D] 20:30:25 Batch ready ✅
2026-09-29 21:30:25 [ABD3D] 20:30:25 Forward pass...
2026-09-29 21:30:25 [ABD3D] 20:30:25 Forward done ✅
2026-09-29 21:30:26 [ABD3D] 20:30:26 WandB logging...
2026-09-29 21:30:26 [ABD3D] 20:30:26 WandB done ✅
2026-09-29 21:30:26 Step 11026/999999999998 | Loss: 0.9544 | MSE: 0.9507 | LPIPS: 0.2641 | KL: 0.0000 | KLw: 1.00 | LR: 2.50e-05 | W: 1.00/0.014/1e-02 | GPU: 15.1GB
2026-09-29 21:30:26 [ABD3D] 20:30:26 Fetching batch...
2026-09-29 21:30:26 [ABD3D] 20:30:26 Batch ready ✅
2026-09-29 21:30:26 [ABD3D] 20:30:26 Forward pass...
2026-09-29 21:30:26 [ABD3D] 20:30:26 Forward done ✅
2026-09-29 21:30:28 [ABD3D] 20:30:28 WandB logging...
2026-09-29 21:30:28 [ABD3D] 20:30:28 WandB done ✅
2026-09-29 21:30:28 Step 11027/999999999998 | Loss: 0.9542 | MSE: 0.9504 | LPIPS: 0.2643 | KL: 0.0000 | KLw: 1.00 | LR: 2.50e-05 | W: 1.00/0.014/1e-02 | GPU: 15.1GB
2026-09-29 21:30:28 [ABD3D] 20:30:28 Fetching batch...
2026-09-29 21:30:28 [ABD3D] 20:30:28 Batch ready ✅
2026-09-29 21:30:28 [ABD3D] 20:30:28 Forward pass...
2026-09-29 21:30:28 [ABD3D] 20:30:28 Forward done ✅
2026-09-29 21:30:29 [ABD3D] 20:30:29 WandB logging...
2026-09-29 21:30:29 [ABD3D] 20:30:29 WandB done ✅
2026-09-29 21:30:29 Step 11028/999999999998 | Loss: 0.9520 | MSE: 0.9484 | LPIPS: 0.2583 | KL: 0.0000 | KLw: 1.00 | LR: 2.50e-05 | W: 1.00/0.014/1e-02 | GPU: 15.1GB
2026-09-29 21:30:29 [ABD3D] 20:30:29 Fetching batch...
2026-09-29 21:30:29 [ABD3D] 20:30:29 Batch ready ✅
2026-09-29 21:30:29 [ABD3D] 20:30:29 Forward pass...
2026-09-29 21:30:29 [ABD3D] 20:30:29 Forward done ✅
2026-09-29 21:30:30 [ABD3D] 20:30:30 WandB logging...
2026-09-29 21:30:30 [ABD3D] 20:30:30 WandB done ✅
2026-09-29 21:30:30 Step 11029/999999999998 | Loss: 0.9520 | MSE: 0.9483 | LPIPS: 0.2584 | KL: 0.0000 | KLw: 1.00 | LR: 2.50e-05 | W: 1.00/0.014/1e-02 | GPU: 15.1GB
2026-09-29 21:30:30 [ABD3D] 20:30:30 Fetching batch...
2026-09-29 21:30:31 [ABD3D] 20:30:31 Batch ready ✅
2026-09-29 21:30:31 [ABD3D] 20:30:31 Forward pass...
2026-09-29 21:30:31 [ABD3D] 20:30:31 Forward done ✅
2026-09-29 21:30:32 [ABD3D] 20:30:32 WandB logging...
2026-09-29 21:30:32 [ABD3D] 20:30:32 WandB done ✅
2026-09-29 21:30:32 Step 11030/999999999998 | Loss: 0.9520 | MSE: 0.9483 | LPIPS: 0.2584 | KL: 0.0000 | KLw: 1.00 | LR: 2.50e-05 | W: 1.00/0.014/1e-02 | GPU: 15.1GB
2026-09-29 21:30:32 [ABD3D] 20:30:32 Fetching batch...
2026-09-29 21:30:32 [ABD3D] 20:30:32 Batch ready ✅
2026-09-29 21:30:32 [ABD3D] 20:30:32 Forward pass...
2026-09-29 21:30:32 [ABD3D] 20:30:32 Forward done ✅
2026-09-29 21:30:33 [ABD3D] 20:30:33 WandB logging...
2026-09-29 21:30:33 [ABD3D] 20:30:33 WandB done ✅
2026-09-29 21:30:33 Step 11031/999999999998 | Loss: 0.9520 | MSE: 0.9483 | LPIPS: 0.2583 | KL: 0.0000 | KLw: 1.00 | LR: 2.50e-05 | W: 1.00/0.014/1e-02 | GPU: 15.1GB
2026-09-29 21:30:33 [ABD3D] 20:30:33 Fetching batch...
2026-09-29 21:30:33 [ABD3D] 20:30:33 Batch ready ✅
2026-09-29 21:30:33 [ABD3D] 20:30:33 Forward pass...
2026-09-29 21:30:33 [ABD3D] 20:30:33 Forward done ✅
2026-09-29 21:30:35 [ABD3D] 20:30:35 WandB logging...
2026-09-29 21:30:35 [ABD3D] 20:30:35 WandB done ✅
2026-09-29 21:30:35 Step 11032/999999999998 | Loss: 0.9518 | MSE: 0.9482 | LPIPS: 0.2586 | KL: 0.0000 | KLw: 1.00 | LR: 2.50e-05 | W: 1.00/0.014/1e-02 | GPU: 15.1GB
2026-09-29 21:30:35 [ABD3D] 20:30:35 Fetching batch...
2026-09-29 21:30:35 [ABD3D] 20:30:35 Batch ready ✅
2026-09-29 21:30:35 [ABD3D] 20:30:35 Forward pass...
2026-09-29 21:30:35 [ABD3D] 20:30:35 Forward done ✅
2026-09-29 21:30:36 [ABD3D] 20:30:36 WandB logging...
2026-09-29 21:30:36 [ABD3D] 20:30:36 WandB done ✅
2026-09-29 21:30:36 Step 11033/999999999998 | Loss: 0.9519 | MSE: 0.9483 | LPIPS: 0.2582 | KL: 0.0000 | KLw: 1.00 | LR: 2.50e-05 | W: 1.00/0.014/1e-02 | GPU: 15.1GB
2026-09-29 21:30:36 [ABD3D] 20:30:36 Fetching batch...
2026-09-29 21:30:36 [ABD3D] 20:30:36 Batch ready ✅
2026-09-29 21:30:36 [ABD3D] 20:30:36 Forward pass...
2026-09-29 21:30:36 [ABD3D] 20:30:36 Forward done ✅
2026-09-29 21:30:38 [ABD3D] 20:30:38 WandB logging...
2026-09-29 21:30:38 [ABD3D] 20:30:38 WandB done ✅
2026-09-29 21:30:38 Step 11034/999999999998 | Loss: 0.9574 | MSE: 0.9538 | LPIPS: 0.2506 | KL: 0.0000 | KLw: 1.00 | LR: 2.50e-05 | W: 1.00/0.014/1e-02 | GPU: 15.1GB
2026-09-29 21:30:38 [ABD3D] 20:30:38 Fetching batch...
2026-09-29 21:30:38 [ABD3D] 20:30:38 Batch ready ✅
2026-09-29 21:30:38 [ABD3D] 20:30:38 Forward pass...
2026-09-29 21:30:38 [ABD3D] 20:30:38 Forward done ✅
2026-09-29 21:30:39 [ABD3D] 20:30:39 WandB logging...
2026-09-29 21:30:39 [ABD3D] 20:30:39 WandB done ✅
2026-09-29 21:30:39 Step 11035/999999999998 | Loss: 0.9575 | MSE: 0.9539 | LPIPS: 0.2504 | KL: 0.0000 | KLw: 1.00 | LR: 2.50e-05 | W: 1.00/0.014/1e-02 | GPU: 15.1GB
2026-09-29 21:30:39 [ABD3D] 20:30:39 Fetching batch...
2026-09-29 21:30:39 [ABD3D] 20:30:39 Batch ready ✅
2026-09-29 21:30:39 [ABD3D] 20:30:39 Forward pass...
2026-09-29 21:30:39 [ABD3D] 20:30:39 Forward done ✅
2026-09-29 21:30:40 [ABD3D] 20:30:40 WandB logging...
2026-09-29 21:30:40 [ABD3D] 20:30:40 WandB done ✅
2026-09-29 21:30:40 Step 11036/999999999998 | Loss: 0.9575 | MSE: 0.9539 | LPIPS: 0.2505 | KL: 0.0000 | KLw: 1.00 | LR: 2.50e-05 | W: 1.00/0.014/1e-02 | GPU: 15.1GB
2026-09-29 21:30:40 [ABD3D] 20:30:40 Fetching batch...
2026-09-29 21:30:41 [ABD3D] 20:30:41 Batch ready ✅
2026-09-29 21:30:41 [ABD3D] 20:30:41 Forward pass...
2026-09-29 21:30:41 [ABD3D] 20:30:41 Forward done ✅
2026-09-29 21:30:42 [ABD3D] 20:30:42 WandB logging...
2026-09-29 21:30:42 [ABD3D] 20:30:42 WandB done ✅
2026-09-29 21:30:42 Step 11037/999999999998 | Loss: 0.9574 | MSE: 0.9539 | LPIPS: 0.2506 | KL: 0.0000 | KLw: 1.00 | LR: 2.50e-05 | W: 1.00/0.014/1e-02 | GPU: 15.1GB
2026-09-29 21:30:42 [ABD3D] 20:30:42 Fetching batch...
2026-09-29 21:30:42 [ABD3D] 20:30:42 Batch ready ✅
2026-09-29 21:30:42 [ABD3D] 20:30:42 Forward pass...
2026-09-29 21:30:42 [ABD3D] 20:30:42 Forward done ✅
2026-09-29 21:30:43 [ABD3D] 20:30:43 WandB logging...
2026-09-29 21:30:43 [ABD3D] 20:30:43 WandB done ✅
2026-09-29 21:30:43 Step 11038/999999999998 | Loss: 0.9573 | MSE: 0.9538 | LPIPS: 0.2506 | KL: 0.0000 | KLw: 1.00 | LR: 2.50e-05 | W: 1.00/0.014/1e-02 | GPU: 15.1GB
2026-09-29 21:30:43 [ABD3D] 20:30:43 Fetching batch...
2026-09-29 21:30:43 [ABD3D] 20:30:43 Batch ready ✅
2026-09-29 21:30:43 [ABD3D] 20:30:43 Forward pass...
2026-09-29 21:30:43 [ABD3D] 20:30:43 Forward done ✅
2026-09-29 21:30:45 [ABD3D] 20:30:45 WandB logging...
2026-09-29 21:30:45 [ABD3D] 20:30:45 WandB done ✅
2026-09-29 21:30:45 Step 11039/999999999998 | Loss: 0.9574 | MSE: 0.9539 | LPIPS: 0.2506 | KL: 0.0000 | KLw: 1.00 | LR: 2.50e-05 | W: 1.00/0.014/1e-02 | GPU: 15.1GB
2026-09-29 21:30:45 [ABD3D] 20:30:45 Fetching batch...
2026-09-29 21:30:45 [ABD3D] 20:30:45 Batch ready ✅
2026-09-29 21:30:45 [ABD3D] 20:30:45 Forward pass...
2026-09-29 21:30:45 [ABD3D] 20:30:45 Forward done ✅
2026-09-29 21:30:46 [ABD3D] 20:30:46 WandB logging...
2026-09-29 21:30:46 [ABD3D] 20:30:46 WandB done ✅
2026-09-29 21:30:46 Step 11040/999999999998 | Loss: 0.9681 | MSE: 0.9646 | LPIPS: 0.2479 | KL: 0.0000 | KLw: 1.00 | LR: 2.50e-05 | W: 1.00/0.014/1e-02 | GPU: 15.1GB
2026-09-29 21:30:46 [ABD3D] 20:30:46 Fetching batch...
2026-09-29 21:30:46 [ABD3D] 20:30:46 Batch ready ✅
2026-09-29 21:30:46 [ABD3D] 20:30:46 Forward pass...
2026-09-29 21:30:46 [ABD3D] 20:30:46 Forward done ✅
2026-09-29 21:30:47 [ABD3D] 20:30:47 WandB logging...
2026-09-29 21:30:47 [ABD3D] 20:30:47 WandB done ✅
2026-09-29 21:30:47 Step 11041/999999999998 | Loss: 0.9682 | MSE: 0.9647 | LPIPS: 0.2480 | KL: 0.0000 | KLw: 1.00 | LR: 2.50e-05 | W: 1.00/0.014/1e-02 | GPU: 15.1GB
2026-09-29 21:30:47 [ABD3D] 20:30:47 Fetching batch...
2026-09-29 21:30:48 [ABD3D] 20:30:48 Batch ready ✅
2026-09-29 21:30:48 [ABD3D] 20:30:48 Forward pass...
2026-09-29 21:30:48 [ABD3D] 20:30:48 Forward done ✅
2026-09-29 21:30:49 [ABD3D] 20:30:49 WandB logging...
2026-09-29 21:30:49 [ABD3D] 20:30:49 WandB done ✅
2026-09-29 21:30:49 Step 11042/999999999998 | Loss: 0.9681 | MSE: 0.9646 | LPIPS: 0.2479 | KL: 0.0000 | KLw: 1.00 | LR: 2.50e-05 | W: 1.00/0.014/1e-02 | GPU: 15.1GB
2026-09-29 21:30:49 [ABD3D] 20:30:49 Fetching batch...
2026-09-29 21:30:49 [ABD3D] 20:30:49 Batch ready ✅
2026-09-29 21:30:49 [ABD3D] 20:30:49 Forward pass...
2026-09-29 21:30:49 [ABD3D] 20:30:49 Forward done ✅
2026-09-29 21:30:50 [ABD3D] 20:30:50 WandB logging...
2026-09-29 21:30:50 [ABD3D] 20:30:50 WandB done ✅
2026-09-29 21:30:50 Step 11043/999999999998 | Loss: 0.9682 | MSE: 0.9647 | LPIPS: 0.2479 | KL: 0.0000 | KLw: 1.00 | LR: 2.50e-05 | W: 1.00/0.014/1e-02 | GPU: 15.1GB
2026-09-29 21:30:50 [ABD3D] 20:30:50 Fetching batch...
2026-09-29 21:30:50 [ABD3D] 20:30:50 Batch ready ✅
2026-09-29 21:30:50 [ABD3D] 20:30:50 Forward pass...
2026-09-29 21:30:50 [ABD3D] 20:30:50 Forward done ✅
2026-09-29 21:30:52 [ABD3D] 20:30:52 WandB logging...
2026-09-29 21:30:52 [ABD3D] 20:30:52 WandB done ✅
2026-09-29 21:30:52 Step 11044/999999999998 | Loss: 0.9681 | MSE: 0.9646 | LPIPS: 0.2479 | KL: 0.0000 | KLw: 1.00 | LR: 2.50e-05 | W: 1.00/0.014/1e-02 | GPU: 15.1GB
2026-09-29 21:30:52 [ABD3D] 20:30:52 Fetching batch...
2026-09-29 21:30:52 [ABD3D] 20:30:52 Batch ready ✅
2026-09-29 21:30:52 [ABD3D] 20:30:52 Forward pass...
2026-09-29 21:30:52 [ABD3D] 20:30:52 Forward done ✅
2026-09-29 21:30:53 [ABD3D] 20:30:53 WandB logging...
2026-09-29 21:30:53 [ABD3D] 20:30:53 WandB done ✅
2026-09-29 21:30:53 Step 11045/999999999998 | Loss: 0.9682 | MSE: 0.9647 | LPIPS: 0.2481 | KL: 0.0000 | KLw: 1.00 | LR: 2.50e-05 | W: 1.00/0.014/1e-02 | GPU: 15.1GB
2026-09-29 21:30:53 [ABD3D] 20:30:53 Fetching batch...
2026-09-29 21:30:53 [ABD3D] Yielded 192 samples from shard ✅
2026-09-29 21:30:53 [ABD3D] Deleted shard dome_objaverse/0/13367.parquet ✅
2026-09-29 21:30:53 [ABD3D] Advanced to shard 473/83296
2026-09-29 21:30:53 [ABD3D] Shard done → next shard (step 11046)
2026-09-29 21:30:53 [ABD3D] Loaded 83296 shards from local cache ✅
2026-09-29 21:30:53 [ABD3D] 20:30:53 Fetching batch...
2026-09-29 21:30:53 [ABD3D] Loading shard 473/83296: dome_objaverse/0/13392.parquet
2026-09-29 21:30:53 [ABD3D] Downloading: dome_objaverse/0/13392.parquet (attempt 1/5)
2026-09-29 21:30:54 [ABD3D] Downloaded 7.0MB ✅
2026-09-29 21:30:54 [ABD3D] Decoded rows 32/48; valid views buffered: 32
2026-09-29 21:30:54 [ABD3D] 20:30:54 Batch ready ✅
2026-09-29 21:30:55 [ABD3D] 20:30:55 Forward pass...
2026-09-29 21:30:55 [ABD3D] 20:30:55 Forward done ✅
2026-09-29 21:30:56 [ABD3D] 20:30:56 WandB logging...
2026-09-29 21:30:56 [ABD3D] 20:30:56 WandB done ✅
2026-09-29 21:30:56 Step 11046/999999999998 | Loss: 0.9697 | MSE: 0.9661 | LPIPS: 0.2576 | KL: 0.0000 | KLw: 1.00 | LR: 2.50e-05 | W: 1.00/0.014/1e-02 | GPU: 15.1GB
2026-09-29 21:30:56 [ABD3D] 20:30:56 Fetching batch...
2026-09-29 21:30:56 [ABD3D] 20:30:56 Batch ready ✅
2026-09-29 21:30:56 [ABD3D] 20:30:56 Forward pass...
2026-09-29 21:30:56 [ABD3D] 20:30:56 Forward done ✅
2026-09-29 21:30:57 [ABD3D] 20:30:57 WandB logging...
2026-09-29 21:30:57 [ABD3D] 20:30:57 WandB done ✅
2026-09-29 21:30:57 Step 11047/999999999998 | Loss: 0.9695 | MSE: 0.9658 | LPIPS: 0.2577 | KL: 0.0000 | KLw: 1.00 | LR: 2.50e-05 | W: 1.00/0.014/1e-02 | GPU: 15.1GB
2026-09-29 21:30:57 [ABD3D] 20:30:57 Fetching batch...
2026-09-29 21:30:57 [ABD3D] 20:30:57 Batch ready ✅
2026-09-29 21:30:57 [ABD3D] 20:30:57 Forward pass...
2026-09-29 21:30:57 [ABD3D] 20:30:57 Forward done ✅
2026-09-29 21:30:59 [ABD3D] 20:30:59 WandB logging...
2026-09-29 21:30:59 [ABD3D] 20:30:59 WandB done ✅
2026-09-29 21:30:59 Step 11048/999999999998 | Loss: 0.9695 | MSE: 0.9659 | LPIPS: 0.2577 | KL: 0.0000 | KLw: 1.00 | LR: 2.50e-05 | W: 1.00/0.014/1e-02 | GPU: 15.1GB
2026-09-29 21:30:59 [ABD3D] 20:30:59 Fetching batch...
2026-09-29 21:30:59 [ABD3D] 20:30:59 Batch ready ✅
2026-09-29 21:30:59 [ABD3D] 20:30:59 Forward pass...
2026-09-29 21:30:59 [ABD3D] 20:30:59 Forward done ✅
2026-09-29 21:31:00 [ABD3D] 20:31:00 WandB logging...
2026-09-29 21:31:00 [ABD3D] 20:31:00 WandB done ✅
2026-09-29 21:31:00 Step 11049/999999999998 | Loss: 0.9695 | MSE: 0.9658 | LPIPS: 0.2577 | KL: 0.0000 | KLw: 1.00 | LR: 2.50e-05 | W: 1.00/0.014/1e-02 | GPU: 15.1GB
2026-09-29 21:31:00 [ABD3D] 20:31:00 Fetching batch...
2026-09-29 21:31:00 [ABD3D] 20:31:00 Batch ready ✅
2026-09-29 21:31:00 [ABD3D] 20:31:00 Forward pass...
2026-09-29 21:31:00 [ABD3D] 20:31:00 Forward done ✅
2026-09-29 21:31:01 [ABD3D] 20:31:01 WandB logging...
2026-09-29 21:31:01 [ABD3D] 20:31:01 WandB done ✅
2026-09-29 21:31:01 Step 11050/999999999998 | Loss: 0.9697 | MSE: 0.9661 | LPIPS: 0.2576 | KL: 0.0000 | KLw: 1.00 | LR: 2.50e-05 | W: 1.00/0.014/1e-02 | GPU: 15.1GB
2026-09-29 21:31:01 [ABD3D] 20:31:01 Fetching batch...
2026-09-29 21:31:01 [ABD3D] 20:31:01 Batch ready ✅
2026-09-29 21:31:01 [ABD3D] 20:31:01 Forward pass...
2026-09-29 21:31:01 [ABD3D] 20:31:01 Forward done ✅
2026-09-29 21:31:03 [ABD3D] 20:31:03 WandB logging...
2026-09-29 21:31:03 [ABD3D] 20:31:03 WandB done ✅
2026-09-29 21:31:03 Step 11051/999999999998 | Loss: 0.9696 | MSE: 0.9660 | LPIPS: 0.2576 | KL: 0.0000 | KLw: 1.00 | LR: 2.50e-05 | W: 1.00/0.014/1e-02 | GPU: 15.1GB
2026-09-29 21:31:03 [ABD3D] 20:31:03 Fetching batch...
2026-09-29 21:31:03 [ABD3D] 20:31:03 Batch ready ✅
2026-09-29 21:31:03 [ABD3D] 20:31:03 Forward pass...
2026-09-29 21:31:03 [ABD3D] 20:31:03 Forward done ✅
2026-09-29 21:31:04 [ABD3D] 20:31:04 WandB logging...
2026-09-29 21:31:04 [ABD3D] 20:31:04 WandB done ✅
2026-09-29 21:31:04 Step 11052/999999999998 | Loss: 0.9747 | MSE: 0.9712 | LPIPS: 0.2489 | KL: 0.0000 | KLw: 1.00 | LR: 2.50e-05 | W: 1.00/0.014/1e-02 | GPU: 15.1GB
2026-09-29 21:31:04 [ABD3D] 20:31:04 Fetching batch...
2026-09-29 21:31:04 [ABD3D] 20:31:04 Batch ready ✅
2026-09-29 21:31:04 [ABD3D] 20:31:04 Forward pass...
2026-09-29 21:31:04 [ABD3D] 20:31:04 Forward done ✅
2026-09-29 21:31:05 [ABD3D] 20:31:05 WandB logging...
2026-09-29 21:31:05 [ABD3D] 20:31:05 WandB done ✅
2026-09-29 21:31:05 Step 11053/999999999998 | Loss: 0.9749 | MSE: 0.9714 | LPIPS: 0.2487 | KL: 0.0000 | KLw: 1.00 | LR: 2.50e-05 | W: 1.00/0.014/1e-02 | GPU: 15.1GB
2026-09-29 21:31:05 [ABD3D] 20:31:05 Fetching batch...
2026-09-29 21:31:06 [ABD3D] 20:31:06 Batch ready ✅
2026-09-29 21:31:06 [ABD3D] 20:31:06 Forward pass...
2026-09-29 21:31:06 [ABD3D] 20:31:06 Forward done ✅
2026-09-29 21:31:07 [ABD3D] 20:31:07 WandB logging...
2026-09-29 21:31:07 [ABD3D] 20:31:07 WandB done ✅
2026-09-29 21:31:07 Step 11054/999999999998 | Loss: 0.9746 | MSE: 0.9711 | LPIPS: 0.2489 | KL: 0.0000 | KLw: 1.00 | LR: 2.50e-05 | W: 1.00/0.014/1e-02 | GPU: 15.1GB
2026-09-29 21:31:07 [ABD3D] 20:31:07 Fetching batch...
2026-09-29 21:31:07 [ABD3D] 20:31:07 Batch ready ✅
2026-09-29 21:31:07 [ABD3D] 20:31:07 Forward pass...
2026-09-29 21:31:07 [ABD3D] 20:31:07 Forward done ✅
2026-09-29 21:31:08 [ABD3D] 20:31:08 WandB logging...
2026-09-29 21:31:08 [ABD3D] 20:31:08 WandB done ✅
2026-09-29 21:31:08 Step 11055/999999999998 | Loss: 0.9748 | MSE: 0.9713 | LPIPS: 0.2489 | KL: 0.0000 | KLw: 1.00 | LR: 2.50e-05 | W: 1.00/0.014/1e-02 | GPU: 15.1GB
2026-09-29 21:31:08 [ABD3D] 20:31:08 Fetching batch...
2026-09-29 21:31:08 [ABD3D] 20:31:08 Batch ready ✅
2026-09-29 21:31:08 [ABD3D] 20:31:08 Forward pass...
2026-09-29 21:31:08 [ABD3D] 20:31:08 Forward done ✅
2026-09-29 21:31:10 [ABD3D] 20:31:10 WandB logging...
2026-09-29 21:31:10 [ABD3D] 20:31:10 WandB done ✅
2026-09-29 21:31:10 Step 11056/999999999998 | Loss: 0.9748 | MSE: 0.9713 | LPIPS: 0.2489 | KL: 0.0000 | KLw: 1.00 | LR: 2.50e-05 | W: 1.00/0.014/1e-02 | GPU: 15.1GB
2026-09-29 21:31:10 [ABD3D] 20:31:10 Fetching batch...
2026-09-29 21:31:10 [ABD3D] 20:31:10 Batch ready ✅
2026-09-29 21:31:10 [ABD3D] 20:31:10 Forward pass...
2026-09-29 21:31:10 [ABD3D] 20:31:10 Forward done ✅
2026-09-29 21:31:11 [ABD3D] 20:31:11 WandB logging...
2026-09-29 21:31:11 [ABD3D] 20:31:11 WandB done ✅
2026-09-29 21:31:11 Step 11057/999999999998 | Loss: 0.9749 | MSE: 0.9714 | LPIPS: 0.2488 | KL: 0.0000 | KLw: 1.00 | LR: 2.50e-05 | W: 1.00/0.014/1e-02 | GPU: 15.1GB
2026-09-29 21:31:11 [ABD3D] 20:31:11 Fetching batch...
2026-09-29 21:31:11 [ABD3D] 20:31:11 Batch ready ✅
2026-09-29 21:31:11 [ABD3D] 20:31:11 Forward pass...
2026-09-29 21:31:11 [ABD3D] 20:31:11 Forward done ✅
2026-09-29 21:31:13 [ABD3D] 20:31:13 WandB logging...
2026-09-29 21:31:13 [ABD3D] 20:31:13 WandB done ✅
2026-09-29 21:31:13 Step 11058/999999999998 | Loss: 0.9835 | MSE: 0.9801 | LPIPS: 0.2362 | KL: 0.0000 | KLw: 1.00 | LR: 2.50e-05 | W: 1.00/0.014/1e-02 | GPU: 15.1GB
2026-09-29 21:31:13 [ABD3D] 20:31:13 Fetching batch...
2026-09-29 21:31:13 [ABD3D] 20:31:13 Batch ready ✅
2026-09-29 21:31:13 [ABD3D] 20:31:13 Forward pass...
2026-09-29 21:31:13 [ABD3D] 20:31:13 Forward done ✅
2026-09-29 21:31:14 [ABD3D] 20:31:14 WandB logging...
2026-09-29 21:31:14 [ABD3D] 20:31:14 WandB done ✅
2026-09-29 21:31:14 Step 11059/999999999998 | Loss: 0.9833 | MSE: 0.9799 | LPIPS: 0.2363 | KL: 0.0000 | KLw: 1.00 | LR: 2.50e-05 | W: 1.00/0.014/1e-02 | GPU: 15.1GB
2026-09-29 21:31:14 [ABD3D] 20:31:14 Fetching batch...
2026-09-29 21:31:14 [ABD3D] 20:31:14 Batch ready ✅
2026-09-29 21:31:14 [ABD3D] 20:31:14 Forward pass...
2026-09-29 21:31:14 [ABD3D] 20:31:14 Forward done ✅
2026-09-29 21:31:15 [ABD3D] 20:31:15 WandB logging...
2026-09-29 21:31:15 [ABD3D] 20:31:15 WandB done ✅
2026-09-29 21:31:15 Step 11060/999999999998 | Loss: 0.9835 | MSE: 0.9801 | LPIPS: 0.2362 | KL: 0.0000 | KLw: 1.00 | LR: 2.50e-05 | W: 1.00/0.014/1e-02 | GPU: 15.1GB
2026-09-29 21:31:15 [ABD3D] 20:31:15 Fetching batch...
2026-09-29 21:31:15 [ABD3D] 20:31:15 Batch ready ✅
2026-09-29 21:31:15 [ABD3D] 20:31:15 Forward pass...
2026-09-29 21:31:15 [ABD3D] 20:31:15 Forward done ✅
2026-09-29 21:31:17 [ABD3D] 20:31:17 WandB logging...
2026-09-29 21:31:17 [ABD3D] 20:31:17 WandB done ✅
2026-09-29 21:31:17 Step 11061/999999999998 | Loss: 0.9835 | MSE: 0.9802 | LPIPS: 0.2361 | KL: 0.0000 | KLw: 1.00 | LR: 2.50e-05 | W: 1.00/0.014/1e-02 | GPU: 15.1GB
2026-09-29 21:31:17 [ABD3D] 20:31:17 Fetching batch...
2026-09-29 21:31:17 [ABD3D] 20:31:17 Batch ready ✅
2026-09-29 21:31:17 [ABD3D] 20:31:17 Forward pass...
2026-09-29 21:31:17 [ABD3D] 20:31:17 Forward done ✅
2026-09-29 21:31:18 [ABD3D] 20:31:18 WandB logging...
2026-09-29 21:31:18 [ABD3D] 20:31:18 WandB done ✅
2026-09-29 21:31:18 Step 11062/999999999998 | Loss: 0.9834 | MSE: 0.9800 | LPIPS: 0.2362 | KL: 0.0000 | KLw: 1.00 | LR: 2.50e-05 | W: 1.00/0.014/1e-02 | GPU: 15.1GB
2026-09-29 21:31:18 [ABD3D] 20:31:18 Fetching batch...
2026-09-29 21:31:18 [ABD3D] 20:31:18 Batch ready ✅
2026-09-29 21:31:18 [ABD3D] 20:31:18 Forward pass...
2026-09-29 21:31:18 [ABD3D] 20:31:18 Forward done ✅
2026-09-29 21:31:20 [ABD3D] 20:31:20 WandB logging...
2026-09-29 21:31:20 [ABD3D] 20:31:20 WandB done ✅
2026-09-29 21:31:20 Step 11063/999999999998 | Loss: 0.9836 | MSE: 0.9802 | LPIPS: 0.2362 | KL: 0.0000 | KLw: 1.00 | LR: 2.50e-05 | W: 1.00/0.014/1e-02 | GPU: 15.1GB
2026-09-29 21:31:20 [ABD3D] 20:31:20 Fetching batch...
2026-09-29 21:31:20 [ABD3D] 20:31:20 Batch ready ✅
2026-09-29 21:31:20 [ABD3D] 20:31:20 Forward pass...
2026-09-29 21:31:20 [ABD3D] 20:31:20 Forward done ✅
2026-09-29 21:31:21 [ABD3D] 20:31:21 WandB logging...
2026-09-29 21:31:21 [ABD3D] 20:31:21 WandB done ✅
2026-09-29 21:31:21 Step 11064/999999999998 | Loss: 0.9985 | MSE: 0.9954 | LPIPS: 0.2243 | KL: 0.0000 | KLw: 1.00 | LR: 2.50e-05 | W: 1.00/0.014/1e-02 | GPU: 15.1GB
2026-09-29 21:31:21 [ABD3D] 20:31:21 Fetching batch...
2026-09-29 21:31:21 [ABD3D] 20:31:21 Batch ready ✅
2026-09-29 21:31:21 [ABD3D] 20:31:21 Forward pass...
2026-09-29 21:31:21 [ABD3D] 20:31:21 Forward done ✅
2026-09-29 21:31:22 [ABD3D] 20:31:22 WandB logging...
2026-09-29 21:31:22 [ABD3D] 20:31:22 WandB done ✅
2026-09-29 21:31:22 Step 11065/999999999998 | Loss: 0.9985 | MSE: 0.9954 | LPIPS: 0.2242 | KL: 0.0000 | KLw: 1.00 | LR: 2.50e-05 | W: 1.00/0.014/1e-02 | GPU: 15.1GB
2026-09-29 21:31:22 [ABD3D] 20:31:22 Fetching batch...
2026-09-29 21:31:22 [ABD3D] 20:31:22 Batch ready ✅
2026-09-29 21:31:22 [ABD3D] 20:31:22 Forward pass...
2026-09-29 21:31:22 [ABD3D] 20:31:22 Forward done ✅
2026-09-29 21:31:24 [ABD3D] 20:31:24 WandB logging...
2026-09-29 21:31:24 [ABD3D] 20:31:24 WandB done ✅
2026-09-29 21:31:24 Step 11066/999999999998 | Loss: 0.9985 | MSE: 0.9954 | LPIPS: 0.2243 | KL: 0.0000 | KLw: 1.00 | LR: 2.50e-05 | W: 1.00/0.014/1e-02 | GPU: 15.1GB
2026-09-29 21:31:24 [ABD3D] 20:31:24 Fetching batch...
2026-09-29 21:31:24 [ABD3D] 20:31:24 Batch ready ✅
2026-09-29 21:31:24 [ABD3D] 20:31:24 Forward pass...
2026-09-29 21:31:24 [ABD3D] 20:31:24 Forward done ✅
2026-09-29 21:31:25 [ABD3D] 20:31:25 WandB logging...
2026-09-29 21:31:25 [ABD3D] 20:31:25 WandB done ✅
2026-09-29 21:31:25 Step 11067/999999999998 | Loss: 0.9985 | MSE: 0.9954 | LPIPS: 0.2242 | KL: 0.0000 | KLw: 1.00 | LR: 2.50e-05 | W: 1.00/0.014/1e-02 | GPU: 15.1GB
2026-09-29 21:31:25 [ABD3D] 20:31:25 Fetching batch...
2026-09-29 21:31:25 [ABD3D] 20:31:25 Batch ready ✅
2026-09-29 21:31:25 [ABD3D] 20:31:25 Forward pass...
2026-09-29 21:31:25 [ABD3D] 20:31:25 Forward done ✅
2026-09-29 21:31:26 [ABD3D] 20:31:26 WandB logging...
2026-09-29 21:31:26 [ABD3D] 20:31:26 WandB done ✅
2026-09-29 21:31:26 Step 11068/999999999998 | Loss: 0.9986 | MSE: 0.9954 | LPIPS: 0.2243 | KL: 0.0000 | KLw: 1.00 | LR: 2.50e-05 | W: 1.00/0.014/1e-02 | GPU: 15.1GB
2026-09-29 21:31:26 [ABD3D] 20:31:26 Fetching batch...
2026-09-29 21:31:26 [ABD3D] 20:31:26 Batch ready ✅
2026-09-29 21:31:27 [ABD3D] 20:31:27 Forward pass...
2026-09-29 21:31:27 [ABD3D] 20:31:27 Forward done ✅
2026-09-29 21:31:28 [ABD3D] 20:31:28 WandB logging...
2026-09-29 21:31:28 [ABD3D] 20:31:28 WandB done ✅
2026-09-29 21:31:28 Step 11069/999999999998 | Loss: 0.9985 | MSE: 0.9954 | LPIPS: 0.2241 | KL: 0.0000 | KLw: 1.00 | LR: 2.50e-05 | W: 1.00/0.014/1e-02 | GPU: 15.1GB
2026-09-29 21:31:28 [ABD3D] 20:31:28 Fetching batch...
2026-09-29 21:31:28 [ABD3D] Yielded 192 samples from shard ✅
2026-09-29 21:31:28 [ABD3D] Deleted shard dome_objaverse/0/13392.parquet ✅
2026-09-29 21:31:28 [ABD3D] Advanced to shard 474/83296
2026-09-29 21:31:28 [ABD3D] Shard done → next shard (step 11070)
2026-09-29 21:31:28 [ABD3D] Loaded 83296 shards from local cache ✅
2026-09-29 21:31:28 [ABD3D] 20:31:28 Fetching batch...
2026-09-29 21:31:28 [ABD3D] Loading shard 474/83296: dome_objaverse/0/13393.parquet
2026-09-29 21:31:28 [ABD3D] Downloading: dome_objaverse/0/13393.parquet (attempt 1/5)
2026-09-29 21:31:29 [ABD3D] Downloaded 30.4MB ✅
2026-09-29 21:31:30 [ABD3D] Decoded rows 32/48; valid views buffered: 32
2026-09-29 21:31:30 [ABD3D] 20:31:30 Batch ready ✅
2026-09-29 21:31:30 [ABD3D] 20:31:30 Forward pass...
2026-09-29 21:31:30 [ABD3D] 20:31:30 Forward done ✅
2026-09-29 21:31:31 [ABD3D] 20:31:31 WandB logging...
2026-09-29 21:31:31 [ABD3D] 20:31:31 WandB done ✅
2026-09-29 21:31:31 Step 11070/999999999998 | Loss: 0.8082 | MSE: 0.8033 | LPIPS: 0.3484 | KL: 0.0000 | KLw: 1.00 | LR: 2.50e-05 | W: 1.00/0.014/1e-02 | GPU: 15.1GB
2026-09-29 21:31:31 [ABD3D] 20:31:31 Fetching batch...
2026-09-29 21:31:31 [ABD3D] 20:31:31 Batch ready ✅
2026-09-29 21:31:31 [ABD3D] 20:31:31 Forward pass...
2026-09-29 21:31:31 [ABD3D] 20:31:31 Forward done ✅
2026-09-29 21:31:32 [ABD3D] 20:31:32 WandB logging...
2026-09-29 21:31:32 [ABD3D] 20:31:32 WandB done ✅
2026-09-29 21:31:32 Step 11071/999999999998 | Loss: 0.8081 | MSE: 0.8032 | LPIPS: 0.3487 | KL: 0.0000 | KLw: 1.00 | LR: 2.50e-05 | W: 1.00/0.014/1e-02 | GPU: 15.1GB
2026-09-29 21:31:32 [ABD3D] 20:31:32 Fetching batch...
2026-09-29 21:31:32 [ABD3D] 20:31:32 Batch ready ✅
2026-09-29 21:31:32 [ABD3D] 20:31:32 Forward pass...
2026-09-29 21:31:33 [ABD3D] 20:31:33 Forward done ✅
2026-09-29 21:31:34 [ABD3D] 20:31:34 WandB logging...
2026-09-29 21:31:34 [ABD3D] 20:31:34 WandB done ✅
2026-09-29 21:31:34 Step 11072/999999999998 | Loss: 0.8084 | MSE: 0.8035 | LPIPS: 0.3485 | KL: 0.0000 | KLw: 1.00 | LR: 2.50e-05 | W: 1.00/0.014/1e-02 | GPU: 15.1GB
2026-09-29 21:31:34 [ABD3D] 20:31:34 Fetching batch...
2026-09-29 21:31:34 [ABD3D] 20:31:34 Batch ready ✅
2026-09-29 21:31:34 [ABD3D] 20:31:34 Forward pass...
2026-09-29 21:31:34 [ABD3D] 20:31:34 Forward done ✅
2026-09-29 21:31:35 [ABD3D] 20:31:35 WandB logging...
2026-09-29 21:31:35 [ABD3D] 20:31:35 WandB done ✅
2026-09-29 21:31:35 Step 11073/999999999998 | Loss: 0.8083 | MSE: 0.8034 | LPIPS: 0.3485 | KL: 0.0000 | KLw: 1.00 | LR: 2.50e-05 | W: 1.00/0.014/1e-02 | GPU: 15.1GB
2026-09-29 21:31:35 [ABD3D] 20:31:35 Fetching batch...
2026-09-29 21:31:35 [ABD3D] 20:31:35 Batch ready ✅
2026-09-29 21:31:35 [ABD3D] 20:31:35 Forward pass...
2026-09-29 21:31:35 [ABD3D] 20:31:35 Forward done ✅
2026-09-29 21:31:37 [ABD3D] 20:31:37 WandB logging...
2026-09-29 21:31:37 [ABD3D] 20:31:37 WandB done ✅
2026-09-29 21:31:37 Step 11074/999999999998 | Loss: 0.8084 | MSE: 0.8035 | LPIPS: 0.3486 | KL: 0.0000 | KLw: 1.00 | LR: 2.50e-05 | W: 1.00/0.014/1e-02 | GPU: 15.1GB
2026-09-29 21:31:37 [ABD3D] 20:31:37 Fetching batch...
2026-09-29 21:31:37 [ABD3D] 20:31:37 Batch ready ✅
2026-09-29 21:31:37 [ABD3D] 20:31:37 Forward pass...
2026-09-29 21:31:37 [ABD3D] 20:31:37 Forward done ✅
2026-09-29 21:31:38 [ABD3D] 20:31:38 WandB logging...
2026-09-29 21:31:38 [ABD3D] 20:31:38 WandB done ✅
2026-09-29 21:31:38 Step 11075/999999999998 | Loss: 0.8088 | MSE: 0.8039 | LPIPS: 0.3485 | KL: 0.0000 | KLw: 1.00 | LR: 2.50e-05 | W: 1.00/0.014/1e-02 | GPU: 15.1GB
2026-09-29 21:31:38 [ABD3D] 20:31:38 Fetching batch...
2026-09-29 21:31:38 [ABD3D] 20:31:38 Batch ready ✅
2026-09-29 21:31:38 [ABD3D] 20:31:38 Forward pass...
2026-09-29 21:31:38 [ABD3D] 20:31:38 Forward done ✅
2026-09-29 21:31:39 [ABD3D] 20:31:39 WandB logging...
2026-09-29 21:31:39 [ABD3D] 20:31:39 WandB done ✅
2026-09-29 21:31:39 Step 11076/999999999998 | Loss: 0.8142 | MSE: 0.8093 | LPIPS: 0.3464 | KL: 0.0000 | KLw: 1.00 | LR: 2.50e-05 | W: 1.00/0.014/1e-02 | GPU: 15.1GB
2026-09-29 21:31:39 [ABD3D] 20:31:39 Fetching batch...
2026-09-29 21:31:40 [ABD3D] 20:31:39 Batch ready ✅
2026-09-29 21:31:40 [ABD3D] 20:31:40 Forward pass...
2026-09-29 21:31:40 [ABD3D] 20:31:40 Forward done ✅
2026-09-29 21:31:41 [ABD3D] 20:31:41 WandB logging...
2026-09-29 21:31:41 [ABD3D] 20:31:41 WandB done ✅
2026-09-29 21:31:41 Step 11077/999999999998 | Loss: 0.8139 | MSE: 0.8090 | LPIPS: 0.3463 | KL: 0.0000 | KLw: 1.00 | LR: 2.50e-05 | W: 1.00/0.014/1e-02 | GPU: 15.1GB
2026-09-29 21:31:41 [ABD3D] 20:31:41 Fetching batch...
2026-09-29 21:31:41 [ABD3D] 20:31:41 Batch ready ✅
2026-09-29 21:31:41 [ABD3D] 20:31:41 Forward pass...
2026-09-29 21:31:41 [ABD3D] 20:31:41 Forward done ✅
2026-09-29 21:31:42 [ABD3D] 20:31:42 WandB logging...
2026-09-29 21:31:42 [ABD3D] 20:31:42 WandB done ✅
2026-09-29 21:31:42 Step 11078/999999999998 | Loss: 0.8139 | MSE: 0.8090 | LPIPS: 0.3464 | KL: 0.0000 | KLw: 1.00 | LR: 2.50e-05 | W: 1.00/0.014/1e-02 | GPU: 15.1GB
2026-09-29 21:31:42 [ABD3D] 20:31:42 Fetching batch...
2026-09-29 21:31:42 [ABD3D] 20:31:42 Batch ready ✅
2026-09-29 21:31:42 [ABD3D] 20:31:42 Forward pass...
2026-09-29 21:31:42 [ABD3D] 20:31:42 Forward done ✅
2026-09-29 21:31:44 [ABD3D] 20:31:44 WandB logging...
2026-09-29 21:31:44 [ABD3D] 20:31:44 WandB done ✅
2026-09-29 21:31:44 Step 11079/999999999998 | Loss: 0.8131 | MSE: 0.8082 | LPIPS: 0.3467 | KL: 0.0000 | KLw: 1.00 | LR: 2.50e-05 | W: 1.00/0.014/1e-02 | GPU: 15.1GB
2026-09-29 21:31:44 [ABD3D] 20:31:44 Fetching batch...
2026-09-29 21:31:44 [ABD3D] 20:31:44 Batch ready ✅
2026-09-29 21:31:44 [ABD3D] 20:31:44 Forward pass...
2026-09-29 21:31:44 [ABD3D] 20:31:44 Forward done ✅
2026-09-29 21:31:45 [ABD3D] 20:31:45 WandB logging...
2026-09-29 21:31:45 [ABD3D] 20:31:45 WandB done ✅
2026-09-29 21:31:45 Step 11080/999999999998 | Loss: 0.8137 | MSE: 0.8088 | LPIPS: 0.3464 | KL: 0.0000 | KLw: 1.00 | LR: 2.50e-05 | W: 1.00/0.014/1e-02 | GPU: 15.1GB
2026-09-29 21:31:45 [ABD3D] 20:31:45 Fetching batch...
2026-09-29 21:31:45 [ABD3D] 20:31:45 Batch ready ✅
2026-09-29 21:31:45 [ABD3D] 20:31:45 Forward pass...
2026-09-29 21:31:45 [ABD3D] 20:31:45 Forward done ✅
2026-09-29 21:31:47 [ABD3D] 20:31:46 WandB logging...
2026-09-29 21:31:47 [ABD3D] 20:31:47 WandB done ✅
2026-09-29 21:31:47 Step 11081/999999999998 | Loss: 0.8141 | MSE: 0.8093 | LPIPS: 0.3464 | KL: 0.0000 | KLw: 1.00 | LR: 2.50e-05 | W: 1.00/0.014/1e-02 | GPU: 15.1GB
2026-09-29 21:31:47 [ABD3D] 20:31:47 Fetching batch...
2026-09-29 21:31:47 [ABD3D] 20:31:47 Batch ready ✅
2026-09-29 21:31:47 [ABD3D] 20:31:47 Forward pass...
2026-09-29 21:31:47 [ABD3D] 20:31:47 Forward done ✅
2026-09-29 21:31:48 [ABD3D] 20:31:48 WandB logging...
2026-09-29 21:31:48 [ABD3D] 20:31:48 WandB done ✅
2026-09-29 21:31:48 Step 11082/999999999998 | Loss: 0.8278 | MSE: 0.8230 | LPIPS: 0.3370 | KL: 0.0000 | KLw: 1.00 | LR: 2.50e-05 | W: 1.00/0.014/1e-02 | GPU: 15.1GB
2026-09-29 21:31:48 [ABD3D] 20:31:48 Fetching batch...
2026-09-29 21:31:48 [ABD3D] 20:31:48 Batch ready ✅
2026-09-29 21:31:48 [ABD3D] 20:31:48 Forward pass...
2026-09-29 21:31:48 [ABD3D] 20:31:48 Forward done ✅
2026-09-29 21:31:50 [ABD3D] 20:31:50 WandB logging...
2026-09-29 21:31:50 [ABD3D] 20:31:50 WandB done ✅
2026-09-29 21:31:50 Step 11083/999999999998 | Loss: 0.8266 | MSE: 0.8218 | LPIPS: 0.3378 | KL: 0.0000 | KLw: 1.00 | LR: 2.50e-05 | W: 1.00/0.014/1e-02 | GPU: 15.1GB
2026-09-29 21:31:50 [ABD3D] 20:31:50 Fetching batch...
2026-09-29 21:31:50 [ABD3D] 20:31:50 Batch ready ✅
2026-09-29 21:31:50 [ABD3D] 20:31:50 Forward pass...
2026-09-29 21:31:50 [ABD3D] 20:31:50 Forward done ✅
2026-09-29 21:31:51 [ABD3D] 20:31:51 WandB logging...
2026-09-29 21:31:51 [ABD3D] 20:31:51 WandB done ✅
2026-09-29 21:31:51 Step 11084/999999999998 | Loss: 0.8258 | MSE: 0.8211 | LPIPS: 0.3382 | KL: 0.0000 | KLw: 1.00 | LR: 2.50e-05 | W: 1.00/0.014/1e-02 | GPU: 15.1GB
2026-09-29 21:31:51 [ABD3D] 20:31:51 Fetching batch...
2026-09-29 21:31:51 [ABD3D] 20:31:51 Batch ready ✅
2026-09-29 21:31:51 [ABD3D] 20:31:51 Forward pass...
2026-09-29 21:31:51 [ABD3D] 20:31:51 Forward done ✅
2026-09-29 21:31:52 [ABD3D] 20:31:52 WandB logging...
2026-09-29 21:31:52 [ABD3D] 20:31:52 WandB done ✅
2026-09-29 21:31:52 Step 11085/999999999998 | Loss: 0.8271 | MSE: 0.8223 | LPIPS: 0.3374 | KL: 0.0000 | KLw: 1.00 | LR: 2.50e-05 | W: 1.00/0.014/1e-02 | GPU: 15.1GB
2026-09-29 21:31:52 [ABD3D] 20:31:52 Fetching batch...
2026-09-29 21:31:53 [ABD3D] 20:31:53 Batch ready ✅
2026-09-29 21:31:53 [ABD3D] 20:31:53 Forward pass...
2026-09-29 21:31:53 [ABD3D] 20:31:53 Forward done ✅
2026-09-29 21:31:54 [ABD3D] 20:31:54 WandB logging...
2026-09-29 21:31:54 [ABD3D] 20:31:54 WandB done ✅
2026-09-29 21:31:54 Step 11086/999999999998 | Loss: 0.8268 | MSE: 0.8220 | LPIPS: 0.3375 | KL: 0.0000 | KLw: 1.00 | LR: 2.50e-05 | W: 1.00/0.014/1e-02 | GPU: 15.1GB
2026-09-29 21:31:54 [ABD3D] 20:31:54 Fetching batch...
2026-09-29 21:31:54 [ABD3D] 20:31:54 Batch ready ✅
2026-09-29 21:31:54 [ABD3D] 20:31:54 Forward pass...
2026-09-29 21:31:54 [ABD3D] 20:31:54 Forward done ✅
2026-09-29 21:31:55 [ABD3D] 20:31:55 WandB logging...
2026-09-29 21:31:55 [ABD3D] 20:31:55 WandB done ✅
2026-09-29 21:31:55 Step 11087/999999999998 | Loss: 0.8274 | MSE: 0.8227 | LPIPS: 0.3372 | KL: 0.0000 | KLw: 1.00 | LR: 2.50e-05 | W: 1.00/0.014/1e-02 | GPU: 15.1GB
2026-09-29 21:31:55 [ABD3D] 20:31:55 Fetching batch...
2026-09-29 21:31:55 [ABD3D] 20:31:55 Batch ready ✅
2026-09-29 21:31:55 [ABD3D] 20:31:55 Forward pass...
2026-09-29 21:31:55 [ABD3D] 20:31:55 Forward done ✅
2026-09-29 21:31:57 [ABD3D] 20:31:57 WandB logging...
2026-09-29 21:31:57 [ABD3D] 20:31:57 WandB done ✅
2026-09-29 21:31:57 Step 11088/999999999998 | Loss: 0.8315 | MSE: 0.8268 | LPIPS: 0.3353 | KL: 0.0000 | KLw: 1.00 | LR: 2.50e-05 | W: 1.00/0.014/1e-02 | GPU: 15.1GB
2026-09-29 21:31:57 [ABD3D] 20:31:57 Fetching batch...
2026-09-29 21:31:57 [ABD3D] 20:31:57 Batch ready ✅
2026-09-29 21:31:57 [ABD3D] 20:31:57 Forward pass...
2026-09-29 21:31:57 [ABD3D] 20:31:57 Forward done ✅
2026-09-29 21:31:58 [ABD3D] 20:31:58 WandB logging...
2026-09-29 21:31:58 [ABD3D] 20:31:58 WandB done ✅
2026-09-29 21:31:58 Step 11089/999999999998 | Loss: 0.8315 | MSE: 0.8268 | LPIPS: 0.3353 | KL: 0.0000 | KLw: 1.00 | LR: 2.50e-05 | W: 1.00/0.014/1e-02 | GPU: 15.1GB
2026-09-29 21:31:58 [ABD3D] 20:31:58 Fetching batch...
2026-09-29 21:31:58 [ABD3D] 20:31:58 Batch ready ✅
2026-09-29 21:31:58 [ABD3D] 20:31:58 Forward pass...
2026-09-29 21:31:58 [ABD3D] 20:31:58 Forward done ✅
2026-09-29 21:32:00 [ABD3D] 20:32:00 WandB logging...
2026-09-29 21:32:00 [ABD3D] 20:32:00 WandB done ✅
2026-09-29 21:32:00 Step 11090/999999999998 | Loss: 0.8315 | MSE: 0.8268 | LPIPS: 0.3353 | KL: 0.0000 | KLw: 1.00 | LR: 2.50e-05 | W: 1.00/0.014/1e-02 | GPU: 15.1GB
2026-09-29 21:32:00 [ABD3D] 20:32:00 Fetching batch...
2026-09-29 21:32:00 [ABD3D] 20:32:00 Batch ready ✅
2026-09-29 21:32:00 [ABD3D] 20:32:00 Forward pass...
2026-09-29 21:32:00 [ABD3D] 20:32:00 Forward done ✅
2026-09-29 21:32:01 [ABD3D] 20:32:01 WandB logging...
2026-09-29 21:32:01 [ABD3D] 20:32:01 WandB done ✅
2026-09-29 21:32:01 Step 11091/999999999998 | Loss: 0.8315 | MSE: 0.8268 | LPIPS: 0.3353 | KL: 0.0000 | KLw: 1.00 | LR: 2.50e-05 | W: 1.00/0.014/1e-02 | GPU: 15.1GB
2026-09-29 21:32:01 [ABD3D] 20:32:01 Fetching batch...
2026-09-29 21:32:01 [ABD3D] 20:32:01 Batch ready ✅
2026-09-29 21:32:01 [ABD3D] 20:32:01 Forward pass...
2026-09-29 21:32:01 [ABD3D] 20:32:01 Forward done ✅
2026-09-29 21:32:02 [ABD3D] 20:32:02 WandB logging...
2026-09-29 21:32:02 [ABD3D] 20:32:02 WandB done ✅
2026-09-29 21:32:02 Step 11092/999999999998 | Loss: 0.8315 | MSE: 0.8268 | LPIPS: 0.3353 | KL: 0.0000 | KLw: 1.00 | LR: 2.50e-05 | W: 1.00/0.014/1e-02 | GPU: 15.1GB
2026-09-29 21:32:02 [ABD3D] 20:32:02 Fetching batch...
2026-09-29 21:32:02 [ABD3D] 20:32:02 Batch ready ✅
2026-09-29 21:32:02 [ABD3D] 20:32:02 Forward pass...
2026-09-29 21:32:02 [ABD3D] 20:32:02 Forward done ✅
2026-09-29 21:32:04 [ABD3D] 20:32:04 WandB logging...
2026-09-29 21:32:04 [ABD3D] 20:32:04 WandB done ✅
2026-09-29 21:32:04 Step 11093/999999999998 | Loss: 0.8315 | MSE: 0.8268 | LPIPS: 0.3353 | KL: 0.0000 | KLw: 1.00 | LR: 2.50e-05 | W: 1.00/0.014/1e-02 | GPU: 15.1GB
2026-09-29 21:32:04 [ABD3D] 20:32:04 Fetching batch...
2026-09-29 21:32:04 [ABD3D] Yielded 192 samples from shard ✅
2026-09-29 21:32:04 [ABD3D] Deleted shard dome_objaverse/0/13393.parquet ✅
2026-09-29 21:32:04 [ABD3D] Advanced to shard 475/83296
2026-09-29 21:32:04 [ABD3D] Shard done → next shard (step 11094)
2026-09-29 21:32:04 [ABD3D] Loaded 83296 shards from local cache ✅
2026-09-29 21:32:04 [ABD3D] 20:32:04 Fetching batch...
2026-09-29 21:32:04 [ABD3D] Loading shard 475/83296: dome_objaverse/0/13396.parquet
2026-09-29 21:32:04 [ABD3D] Downloading: dome_objaverse/0/13396.parquet (attempt 1/5)
2026-09-29 21:32:05 [ABD3D] Downloaded 7.3MB ✅
2026-09-29 21:32:05 [ABD3D] Decoded rows 32/48; valid views buffered: 32
2026-09-29 21:32:05 [ABD3D] 20:32:05 Batch ready ✅
2026-09-29 21:32:05 [ABD3D] 20:32:05 Forward pass...
2026-09-29 21:32:05 [ABD3D] 20:32:05 Forward done ✅
2026-09-29 21:32:07 [ABD3D] 20:32:07 WandB logging...
2026-09-29 21:32:07 [ABD3D] 20:32:07 WandB done ✅
2026-09-29 21:32:07 Step 11094/999999999998 | Loss: 0.9854 | MSE: 0.9821 | LPIPS: 0.2326 | KL: 0.0000 | KLw: 1.00 | LR: 2.50e-05 | W: 1.00/0.014/1e-02 | GPU: 15.1GB
2026-09-29 21:32:07 [ABD3D] 20:32:07 Fetching batch...
2026-09-29 21:32:07 [ABD3D] 20:32:07 Batch ready ✅
2026-09-29 21:32:07 [ABD3D] 20:32:07 Forward pass...
2026-09-29 21:32:07 [ABD3D] 20:32:07 Forward done ✅
2026-09-29 21:32:08 [ABD3D] 20:32:08 WandB logging...
2026-09-29 21:32:08 [ABD3D] 20:32:08 WandB done ✅
2026-09-29 21:32:08 Step 11095/999999999998 | Loss: 0.9854 | MSE: 0.9821 | LPIPS: 0.2326 | KL: 0.0000 | KLw: 1.00 | LR: 2.50e-05 | W: 1.00/0.014/1e-02 | GPU: 15.1GB
2026-09-29 21:32:08 [ABD3D] 20:32:08 Fetching batch...
2026-09-29 21:32:08 [ABD3D] 20:32:08 Batch ready ✅
2026-09-29 21:32:08 [ABD3D] 20:32:08 Forward pass...
2026-09-29 21:32:08 [ABD3D] 20:32:08 Forward done ✅
2026-09-29 21:32:09 [ABD3D] 20:32:09 WandB logging...
2026-09-29 21:32:09 [ABD3D] 20:32:09 WandB done ✅
2026-09-29 21:32:09 Step 11096/999999999998 | Loss: 0.9854 | MSE: 0.9821 | LPIPS: 0.2325 | KL: 0.0000 | KLw: 1.00 | LR: 2.50e-05 | W: 1.00/0.014/1e-02 | GPU: 15.1GB
2026-09-29 21:32:09 [ABD3D] 20:32:09 Fetching batch...
2026-09-29 21:32:09 [ABD3D] 20:32:09 Batch ready ✅
2026-09-29 21:32:09 [ABD3D] 20:32:09 Forward pass...
2026-09-29 21:32:09 [ABD3D] 20:32:09 Forward done ✅
2026-09-29 21:32:11 [ABD3D] 20:32:11 WandB logging...
2026-09-29 21:32:11 [ABD3D] 20:32:11 WandB done ✅
2026-09-29 21:32:11 Step 11097/999999999998 | Loss: 0.9854 | MSE: 0.9821 | LPIPS: 0.2326 | KL: 0.0000 | KLw: 1.00 | LR: 2.50e-05 | W: 1.00/0.014/1e-02 | GPU: 15.1GB
2026-09-29 21:32:11 [ABD3D] 20:32:11 Fetching batch...
2026-09-29 21:32:11 [ABD3D] 20:32:11 Batch ready ✅
2026-09-29 21:32:11 [ABD3D] 20:32:11 Forward pass...
2026-09-29 21:32:11 [ABD3D] 20:32:11 Forward done ✅
2026-09-29 21:32:12 [ABD3D] 20:32:12 WandB logging...
2026-09-29 21:32:12 [ABD3D] 20:32:12 WandB done ✅
2026-09-29 21:32:12 Step 11098/999999999998 | Loss: 0.9853 | MSE: 0.9820 | LPIPS: 0.2326 | KL: 0.0000 | KLw: 1.00 | LR: 2.50e-05 | W: 1.00/0.014/1e-02 | GPU: 15.1GB
2026-09-29 21:32:12 [ABD3D] 20:32:12 Fetching batch...
2026-09-29 21:32:12 [ABD3D] 20:32:12 Batch ready ✅
2026-09-29 21:32:12 [ABD3D] 20:32:12 Forward pass...
2026-09-29 21:32:12 [ABD3D] 20:32:12 Forward done ✅
2026-09-29 21:32:14 [ABD3D] 20:32:14 WandB logging...
2026-09-29 21:32:14 [ABD3D] 20:32:14 WandB done ✅
2026-09-29 21:32:14 Step 11099/999999999998 | Loss: 0.9854 | MSE: 0.9821 | LPIPS: 0.2325 | KL: 0.0000 | KLw: 1.00 | LR: 2.50e-05 | W: 1.00/0.014/1e-02 | GPU: 15.1GB
2026-09-29 21:32:14 [ABD3D] 20:32:14 Fetching batch...
2026-09-29 21:32:14 [ABD3D] 20:32:14 Batch ready ✅
2026-09-29 21:32:14 [ABD3D] 20:32:14 Forward pass...
2026-09-29 21:32:14 [ABD3D] 20:32:14 Forward done ✅
2026-09-29 21:32:15 [ABD3D] 20:32:15 WandB logging...
2026-09-29 21:32:15 [ABD3D] 20:32:15 WandB done ✅
2026-09-29 21:32:15 Step 11100/999999999998 | Loss: 0.9844 | MSE: 0.9811 | LPIPS: 0.2360 | KL: 0.0000 | KLw: 1.00 | LR: 2.50e-05 | W: 1.00/0.014/1e-02 | GPU: 15.1GB
2026-09-29 21:32:15 [ABD3D] 20:32:15 Fetching batch...
2026-09-29 21:32:15 [ABD3D] 20:32:15 Batch ready ✅
2026-09-29 21:32:15 [ABD3D] 20:32:15 Forward pass...
2026-09-29 21:32:15 [ABD3D] 20:32:15 Forward done ✅
2026-09-29 21:32:16 [ABD3D] 20:32:16 WandB logging...
2026-09-29 21:32:16 [ABD3D] 20:32:16 WandB done ✅
2026-09-29 21:32:16 Step 11101/999999999998 | Loss: 0.9844 | MSE: 0.9811 | LPIPS: 0.2362 | KL: 0.0000 | KLw: 1.00 | LR: 2.50e-05 | W: 1.00/0.014/1e-02 | GPU: 15.1GB
2026-09-29 21:32:16 [ABD3D] 20:32:16 Fetching batch...
2026-09-29 21:32:16 [ABD3D] 20:32:16 Batch ready ✅
2026-09-29 21:32:16 [ABD3D] 20:32:16 Forward pass...
2026-09-29 21:32:16 [ABD3D] 20:32:16 Forward done ✅
2026-09-29 21:32:18 [ABD3D] 20:32:18 WandB logging...
2026-09-29 21:32:18 [ABD3D] 20:32:18 WandB done ✅
2026-09-29 21:32:18 Step 11102/999999999998 | Loss: 0.9844 | MSE: 0.9811 | LPIPS: 0.2361 | KL: 0.0000 | KLw: 1.00 | LR: 2.50e-05 | W: 1.00/0.014/1e-02 | GPU: 15.1GB
2026-09-29 21:32:18 [ABD3D] 20:32:18 Fetching batch...
2026-09-29 21:32:18 [ABD3D] 20:32:18 Batch ready ✅
2026-09-29 21:32:18 [ABD3D] 20:32:18 Forward pass...
2026-09-29 21:32:18 [ABD3D] 20:32:18 Forward done ✅
2026-09-29 21:32:19 [ABD3D] 20:32:19 WandB logging...
2026-09-29 21:32:19 [ABD3D] 20:32:19 WandB done ✅
2026-09-29 21:32:19 Step 11103/999999999998 | Loss: 0.9845 | MSE: 0.9811 | LPIPS: 0.2363 | KL: 0.0000 | KLw: 1.00 | LR: 2.50e-05 | W: 1.00/0.014/1e-02 | GPU: 15.1GB
2026-09-29 21:32:19 [ABD3D] 20:32:19 Fetching batch...
2026-09-29 21:32:19 [ABD3D] 20:32:19 Batch ready ✅
2026-09-29 21:32:19 [ABD3D] 20:32:19 Forward pass...
2026-09-29 21:32:19 [ABD3D] 20:32:19 Forward done ✅
2026-09-29 21:32:20 [ABD3D] 20:32:20 WandB logging...
2026-09-29 21:32:20 [ABD3D] 20:32:20 WandB done ✅
2026-09-29 21:32:20 Step 11104/999999999998 | Loss: 0.9845 | MSE: 0.9811 | LPIPS: 0.2362 | KL: 0.0000 | KLw: 1.00 | LR: 2.50e-05 | W: 1.00/0.014/1e-02 | GPU: 15.1GB
2026-09-29 21:32:20 [ABD3D] 20:32:20 Fetching batch...
2026-09-29 21:32:21 [ABD3D] 20:32:21 Batch ready ✅
2026-09-29 21:32:21 [ABD3D] 20:32:21 Forward pass...
2026-09-29 21:32:21 [ABD3D] 20:32:21 Forward done ✅
2026-09-29 21:32:22 [ABD3D] 20:32:22 WandB logging...
2026-09-29 21:32:22 [ABD3D] 20:32:22 WandB done ✅
2026-09-29 21:32:22 Step 11105/999999999998 | Loss: 0.9844 | MSE: 0.9811 | LPIPS: 0.2361 | KL: 0.0000 | KLw: 1.00 | LR: 2.50e-05 | W: 1.00/0.014/1e-02 | GPU: 15.1GB
2026-09-29 21:32:22 [ABD3D] 20:32:22 Fetching batch...
2026-09-29 21:32:22 [ABD3D] 20:32:22 Batch ready ✅
2026-09-29 21:32:22 [ABD3D] 20:32:22 Forward pass...
2026-09-29 21:32:22 [ABD3D] 20:32:22 Forward done ✅
2026-09-29 21:32:23 [ABD3D] 20:32:23 WandB logging...
2026-09-29 21:32:23 [ABD3D] 20:32:23 WandB done ✅
2026-09-29 21:32:23 Step 11106/999999999998 | Loss: 0.9873 | MSE: 0.9840 | LPIPS: 0.2318 | KL: 0.0000 | KLw: 1.00 | LR: 2.50e-05 | W: 1.00/0.014/1e-02 | GPU: 15.1GB
2026-09-29 21:32:23 [ABD3D] 20:32:23 Fetching batch...
2026-09-29 21:32:24 [ABD3D] 20:32:24 Batch ready ✅
2026-09-29 21:32:24 [ABD3D] 20:32:24 Forward pass...
2026-09-29 21:32:24 [ABD3D] 20:32:24 Forward done ✅
2026-09-29 21:32:25 [ABD3D] 20:32:25 WandB logging...
2026-09-29 21:32:25 [ABD3D] 20:32:25 WandB done ✅
2026-09-29 21:32:25 Step 11107/999999999998 | Loss: 0.9872 | MSE: 0.9840 | LPIPS: 0.2319 | KL: 0.0000 | KLw: 1.00 | LR: 2.50e-05 | W: 1.00/0.014/1e-02 | GPU: 15.1GB
2026-09-29 21:32:25 [ABD3D] 20:32:25 Fetching batch...
2026-09-29 21:32:25 [ABD3D] 20:32:25 Batch ready ✅
2026-09-29 21:32:25 [ABD3D] 20:32:25 Forward pass...
2026-09-29 21:32:25 [ABD3D] 20:32:25 Forward done ✅
2026-09-29 21:32:26 [ABD3D] 20:32:26 WandB logging...
2026-09-29 21:32:26 [ABD3D] 20:32:26 WandB done ✅
2026-09-29 21:32:26 Step 11108/999999999998 | Loss: 0.9872 | MSE: 0.9840 | LPIPS: 0.2317 | KL: 0.0000 | KLw: 1.00 | LR: 2.50e-05 | W: 1.00/0.014/1e-02 | GPU: 15.1GB
2026-09-29 21:32:26 [ABD3D] 20:32:26 Fetching batch...
2026-09-29 21:32:26 [ABD3D] 20:32:26 Batch ready ✅
2026-09-29 21:32:26 [ABD3D] 20:32:26 Forward pass...
2026-09-29 21:32:26 [ABD3D] 20:32:26 Forward done ✅
2026-09-29 21:32:28 [ABD3D] 20:32:28 WandB logging...
2026-09-29 21:32:28 [ABD3D] 20:32:28 WandB done ✅
2026-09-29 21:32:28 Step 11109/999999999998 | Loss: 0.9872 | MSE: 0.9840 | LPIPS: 0.2318 | KL: 0.0000 | KLw: 1.00 | LR: 2.50e-05 | W: 1.00/0.014/1e-02 | GPU: 15.1GB
2026-09-29 21:32:28 [ABD3D] 20:32:28 Fetching batch...
2026-09-29 21:32:28 [ABD3D] 20:32:28 Batch ready ✅
2026-09-29 21:32:28 [ABD3D] 20:32:28 Forward pass...
2026-09-29 21:32:28 [ABD3D] 20:32:28 Forward done ✅
2026-09-29 21:32:29 [ABD3D] 20:32:29 WandB logging...
2026-09-29 21:32:29 [ABD3D] 20:32:29 WandB done ✅
2026-09-29 21:32:29 Step 11110/999999999998 | Loss: 0.9873 | MSE: 0.9841 | LPIPS: 0.2315 | KL: 0.0000 | KLw: 1.00 | LR: 2.50e-05 | W: 1.00/0.014/1e-02 | GPU: 15.1GB
2026-09-29 21:32:29 [ABD3D] 20:32:29 Fetching batch...
2026-09-29 21:32:29 [ABD3D] 20:32:29 Batch ready ✅
2026-09-29 21:32:29 [ABD3D] 20:32:29 Forward pass...
2026-09-29 21:32:29 [ABD3D] 20:32:29 Forward done ✅
2026-09-29 21:32:30 [ABD3D] 20:32:30 WandB logging...
2026-09-29 21:32:30 [ABD3D] 20:32:30 WandB done ✅
2026-09-29 21:32:30 Step 11111/999999999998 | Loss: 0.9873 | MSE: 0.9840 | LPIPS: 0.2317 | KL: 0.0000 | KLw: 1.00 | LR: 2.50e-05 | W: 1.00/0.014/1e-02 | GPU: 15.1GB
2026-09-29 21:32:30 [ABD3D] 20:32:30 Fetching batch...
2026-09-29 21:32:31 [ABD3D] 20:32:31 Batch ready ✅
2026-09-29 21:32:31 [ABD3D] 20:32:31 Forward pass...
2026-09-29 21:32:31 [ABD3D] 20:32:31 Forward done ✅
2026-09-29 21:32:32 [ABD3D] 20:32:32 WandB logging...
2026-09-29 21:32:32 [ABD3D] 20:32:32 WandB done ✅
2026-09-29 21:32:32 Step 11112/999999999998 | Loss: 0.9908 | MSE: 0.9876 | LPIPS: 0.2272 | KL: 0.0000 | KLw: 1.00 | LR: 2.50e-05 | W: 1.00/0.014/1e-02 | GPU: 15.1GB
2026-09-29 21:32:32 [ABD3D] 20:32:32 Fetching batch...
2026-09-29 21:32:32 [ABD3D] 20:32:32 Batch ready ✅
2026-09-29 21:32:32 [ABD3D] 20:32:32 Forward pass...
2026-09-29 21:32:32 [ABD3D] 20:32:32 Forward done ✅
2026-09-29 21:32:33 [ABD3D] 20:32:33 WandB logging...
2026-09-29 21:32:33 [ABD3D] 20:32:33 WandB done ✅
2026-09-29 21:32:33 Step 11113/999999999998 | Loss: 0.9908 | MSE: 0.9875 | LPIPS: 0.2273 | KL: 0.0000 | KLw: 1.00 | LR: 2.50e-05 | W: 1.00/0.014/1e-02 | GPU: 15.1GB
2026-09-29 21:32:33 [ABD3D] 20:32:33 Fetching batch...
2026-09-29 21:32:33 [ABD3D] 20:32:33 Batch ready ✅
2026-09-29 21:32:33 [ABD3D] 20:32:33 Forward pass...
2026-09-29 21:32:33 [ABD3D] 20:32:33 Forward done ✅
2026-09-29 21:32:35 [ABD3D] 20:32:35 WandB logging...
2026-09-29 21:32:35 [ABD3D] 20:32:35 WandB done ✅
2026-09-29 21:32:35 Step 11114/999999999998 | Loss: 0.9908 | MSE: 0.9876 | LPIPS: 0.2273 | KL: 0.0000 | KLw: 1.00 | LR: 2.50e-05 | W: 1.00/0.014/1e-02 | GPU: 15.1GB
2026-09-29 21:32:35 [ABD3D] 20:32:35 Fetching batch...
2026-09-29 21:32:35 [ABD3D] 20:32:35 Batch ready ✅
2026-09-29 21:32:35 [ABD3D] 20:32:35 Forward pass...
2026-09-29 21:32:35 [ABD3D] 20:32:35 Forward done ✅
2026-09-29 21:32:36 [ABD3D] 20:32:36 WandB logging...
2026-09-29 21:32:36 [ABD3D] 20:32:36 WandB done ✅
2026-09-29 21:32:36 Step 11115/999999999998 | Loss: 0.9908 | MSE: 0.9876 | LPIPS: 0.2274 | KL: 0.0000 | KLw: 1.00 | LR: 2.50e-05 | W: 1.00/0.014/1e-02 | GPU: 15.1GB
2026-09-29 21:32:36 [ABD3D] 20:32:36 Fetching batch...
2026-09-29 21:32:36 [ABD3D] 20:32:36 Batch ready ✅
2026-09-29 21:32:36 [ABD3D] 20:32:36 Forward pass...
2026-09-29 21:32:36 [ABD3D] 20:32:36 Forward done ✅
2026-09-29 21:32:37 [ABD3D] 20:32:37 WandB logging...
2026-09-29 21:32:37 [ABD3D] 20:32:37 WandB done ✅
2026-09-29 21:32:37 Step 11116/999999999998 | Loss: 0.9908 | MSE: 0.9876 | LPIPS: 0.2272 | KL: 0.0000 | KLw: 1.00 | LR: 2.50e-05 | W: 1.00/0.014/1e-02 | GPU: 15.1GB
2026-09-29 21:32:37 [ABD3D] 20:32:37 Fetching batch...
2026-09-29 21:32:37 [ABD3D] 20:32:37 Batch ready ✅
2026-09-29 21:32:37 [ABD3D] 20:32:37 Forward pass...
2026-09-29 21:32:37 [ABD3D] 20:32:37 Forward done ✅
2026-09-29 21:32:39 [ABD3D] 20:32:39 WandB logging...
2026-09-29 21:32:39 [ABD3D] 20:32:39 WandB done ✅
2026-09-29 21:32:39 Step 11117/999999999998 | Loss: 0.9907 | MSE: 0.9875 | LPIPS: 0.2274 | KL: 0.0000 | KLw: 1.00 | LR: 2.50e-05 | W: 1.00/0.014/1e-02 | GPU: 15.1GB
2026-09-29 21:32:39 [ABD3D] 20:32:39 Fetching batch...
2026-09-29 21:32:39 [ABD3D] Yielded 192 samples from shard ✅
2026-09-29 21:32:39 [ABD3D] Deleted shard dome_objaverse/0/13396.parquet ✅
2026-09-29 21:32:39 [ABD3D] Advanced to shard 476/83296
2026-09-29 21:32:39 [ABD3D] Shard done → next shard (step 11118)
2026-09-29 21:32:39 [ABD3D] Loaded 83296 shards from local cache ✅
2026-09-29 21:32:39 [ABD3D] 20:32:39 Fetching batch...
2026-09-29 21:32:39 [ABD3D] Loading shard 476/83296: dome_objaverse/0/13404.parquet
2026-09-29 21:32:39 [ABD3D] Downloading: dome_objaverse/0/13404.parquet (attempt 1/5)
2026-09-29 21:32:40 [ABD3D] Downloaded 41.9MB ✅
2026-09-29 21:32:41 [ABD3D] Decoded rows 32/48; valid views buffered: 32
2026-09-29 21:32:41 [ABD3D] 20:32:41 Batch ready ✅
2026-09-29 21:32:41 [ABD3D] 20:32:41 Forward pass...
2026-09-29 21:32:41 [ABD3D] 20:32:41 Forward done ✅
2026-09-29 21:32:42 [ABD3D] 20:32:42 WandB logging...
2026-09-29 21:32:42 [ABD3D] 20:32:42 WandB done ✅
2026-09-29 21:32:42 Step 11118/999999999998 | Loss: 0.8459 | MSE: 0.8407 | LPIPS: 0.3632 | KL: 0.0000 | KLw: 1.00 | LR: 2.50e-05 | W: 1.00/0.014/1e-02 | GPU: 15.1GB
2026-09-29 21:32:42 [ABD3D] 20:32:42 Fetching batch...
2026-09-29 21:32:42 [ABD3D] 20:32:42 Batch ready ✅
2026-09-29 21:32:42 [ABD3D] 20:32:42 Forward pass...
2026-09-29 21:32:42 [ABD3D] 20:32:42 Forward done ✅
2026-09-29 21:32:44 [ABD3D] 20:32:44 WandB logging...
2026-09-29 21:32:44 [ABD3D] 20:32:44 WandB done ✅
2026-09-29 21:32:44 Step 11119/999999999998 | Loss: 0.8461 | MSE: 0.8410 | LPIPS: 0.3631 | KL: 0.0000 | KLw: 1.00 | LR: 2.50e-05 | W: 1.00/0.014/1e-02 | GPU: 15.1GB
2026-09-29 21:32:44 [ABD3D] 20:32:44 Fetching batch...
2026-09-29 21:32:44 [ABD3D] 20:32:44 Batch ready ✅
2026-09-29 21:32:44 [ABD3D] 20:32:44 Forward pass...
2026-09-29 21:32:44 [ABD3D] 20:32:44 Forward done ✅
2026-09-29 21:32:45 [ABD3D] 20:32:45 WandB logging...
2026-09-29 21:32:45 [ABD3D] 20:32:45 WandB done ✅
2026-09-29 21:32:45 Step 11120/999999999998 | Loss: 0.8462 | MSE: 0.8410 | LPIPS: 0.3629 | KL: 0.0000 | KLw: 1.00 | LR: 2.50e-05 | W: 1.00/0.014/1e-02 | GPU: 15.1GB
2026-09-29 21:32:45 [ABD3D] 20:32:45 Fetching batch...
2026-09-29 21:32:45 [ABD3D] 20:32:45 Batch ready ✅
2026-09-29 21:32:45 [ABD3D] 20:32:45 Forward pass...
2026-09-29 21:32:45 [ABD3D] 20:32:45 Forward done ✅
2026-09-29 21:32:46 [ABD3D] 20:32:46 WandB logging...
2026-09-29 21:32:46 [ABD3D] 20:32:46 WandB done ✅
2026-09-29 21:32:46 Step 11121/999999999998 | Loss: 0.8458 | MSE: 0.8407 | LPIPS: 0.3633 | KL: 0.0000 | KLw: 1.00 | LR: 2.50e-05 | W: 1.00/0.014/1e-02 | GPU: 15.1GB
2026-09-29 21:32:46 [ABD3D] 20:32:46 Fetching batch...
2026-09-29 21:32:46 [ABD3D] 20:32:46 Batch ready ✅
2026-09-29 21:32:46 [ABD3D] 20:32:46 Forward pass...
2026-09-29 21:32:46 [ABD3D] 20:32:46 Forward done ✅
2026-09-29 21:32:48 [ABD3D] 20:32:48 WandB logging...
2026-09-29 21:32:48 [ABD3D] 20:32:48 WandB done ✅
2026-09-29 21:32:48 Step 11122/999999999998 | Loss: 0.8457 | MSE: 0.8405 | LPIPS: 0.3634 | KL: 0.0000 | KLw: 1.00 | LR: 2.50e-05 | W: 1.00/0.014/1e-02 | GPU: 15.1GB
2026-09-29 21:32:48 [ABD3D] 20:32:48 Fetching batch...
2026-09-29 21:32:48 [ABD3D] 20:32:48 Batch ready ✅
2026-09-29 21:32:48 [ABD3D] 20:32:48 Forward pass...
2026-09-29 21:32:48 [ABD3D] 20:32:48 Forward done ✅
2026-09-29 21:32:49 [ABD3D] 20:32:49 WandB logging...
2026-09-29 21:32:49 [ABD3D] 20:32:49 WandB done ✅
2026-09-29 21:32:49 Step 11123/999999999998 | Loss: 0.8458 | MSE: 0.8407 | LPIPS: 0.3632 | KL: 0.0000 | KLw: 1.00 | LR: 2.50e-05 | W: 1.00/0.014/1e-02 | GPU: 15.1GB
2026-09-29 21:32:49 [ABD3D] 20:32:49 Fetching batch...
2026-09-29 21:32:49 [ABD3D] 20:32:49 Batch ready ✅
2026-09-29 21:32:49 [ABD3D] 20:32:49 Forward pass...
2026-09-29 21:32:49 [ABD3D] 20:32:49 Forward done ✅
2026-09-29 21:32:51 [ABD3D] 20:32:51 WandB logging...
2026-09-29 21:32:51 [ABD3D] 20:32:51 WandB done ✅
2026-09-29 21:32:51 Step 11124/999999999998 | Loss: 0.8151 | MSE: 0.8097 | LPIPS: 0.3791 | KL: 0.0000 | KLw: 1.00 | LR: 2.50e-05 | W: 1.00/0.014/1e-02 | GPU: 15.1GB
2026-09-29 21:32:51 [ABD3D] 20:32:51 Fetching batch...
2026-09-29 21:32:51 [ABD3D] 20:32:51 Batch ready ✅
2026-09-29 21:32:51 [ABD3D] 20:32:51 Forward pass...
2026-09-29 21:32:51 [ABD3D] 20:32:51 Forward done ✅
2026-09-29 21:32:52 [ABD3D] 20:32:52 WandB logging...
2026-09-29 21:32:52 [ABD3D] 20:32:52 WandB done ✅
2026-09-29 21:32:52 Step 11125/999999999998 | Loss: 0.8153 | MSE: 0.8099 | LPIPS: 0.3791 | KL: 0.0000 | KLw: 1.00 | LR: 2.50e-05 | W: 1.00/0.014/1e-02 | GPU: 15.1GB
2026-09-29 21:32:52 [ABD3D] 20:32:52 Fetching batch...
2026-09-29 21:32:52 [ABD3D] 20:32:52 Batch ready ✅
2026-09-29 21:32:52 [ABD3D] 20:32:52 Forward pass...
2026-09-29 21:32:52 [ABD3D] 20:32:52 Forward done ✅
2026-09-29 21:32:53 [ABD3D] 20:32:53 WandB logging...
2026-09-29 21:32:53 [ABD3D] 20:32:53 WandB done ✅
2026-09-29 21:32:53 Step 11126/999999999998 | Loss: 0.8151 | MSE: 0.8098 | LPIPS: 0.3793 | KL: 0.0000 | KLw: 1.00 | LR: 2.50e-05 | W: 1.00/0.014/1e-02 | GPU: 15.1GB
2026-09-29 21:32:53 [ABD3D] 20:32:53 Fetching batch...
2026-09-29 21:32:54 [ABD3D] 20:32:54 Batch ready ✅
2026-09-29 21:32:54 [ABD3D] 20:32:54 Forward pass...
2026-09-29 21:32:54 [ABD3D] 20:32:54 Forward done ✅
2026-09-29 21:32:55 [ABD3D] 20:32:55 WandB logging...
2026-09-29 21:32:55 [ABD3D] 20:32:55 WandB done ✅
2026-09-29 21:32:55 Step 11127/999999999998 | Loss: 0.8153 | MSE: 0.8100 | LPIPS: 0.3790 | KL: 0.0000 | KLw: 1.00 | LR: 2.50e-05 | W: 1.00/0.014/1e-02 | GPU: 15.1GB
2026-09-29 21:32:55 [ABD3D] 20:32:55 Fetching batch...
2026-09-29 21:32:55 [ABD3D] 20:32:55 Batch ready ✅
2026-09-29 21:32:55 [ABD3D] 20:32:55 Forward pass...
2026-09-29 21:32:55 [ABD3D] 20:32:55 Forward done ✅
2026-09-29 21:32:56 [ABD3D] 20:32:56 WandB logging...
2026-09-29 21:32:56 [ABD3D] 20:32:56 WandB done ✅
2026-09-29 21:32:56 Step 11128/999999999998 | Loss: 0.8153 | MSE: 0.8100 | LPIPS: 0.3792 | KL: 0.0000 | KLw: 1.00 | LR: 2.50e-05 | W: 1.00/0.014/1e-02 | GPU: 15.1GB
2026-09-29 21:32:56 [ABD3D] 20:32:56 Fetching batch...
2026-09-29 21:32:56 [ABD3D] 20:32:56 Batch ready ✅
2026-09-29 21:32:56 [ABD3D] 20:32:56 Forward pass...
2026-09-29 21:32:56 [ABD3D] 20:32:56 Forward done ✅
2026-09-29 21:32:58 [ABD3D] 20:32:58 WandB logging...
2026-09-29 21:32:58 [ABD3D] 20:32:58 WandB done ✅
2026-09-29 21:32:58 Step 11129/999999999998 | Loss: 0.8151 | MSE: 0.8097 | LPIPS: 0.3793 | KL: 0.0000 | KLw: 1.00 | LR: 2.50e-05 | W: 1.00/0.014/1e-02 | GPU: 15.1GB
2026-09-29 21:32:58 [ABD3D] 20:32:58 Fetching batch...
2026-09-29 21:32:58 [ABD3D] 20:32:58 Batch ready ✅
2026-09-29 21:32:58 [ABD3D] 20:32:58 Forward pass...
2026-09-29 21:32:58 [ABD3D] 20:32:58 Forward done ✅
2026-09-29 21:33:00 [ABD3D] 20:33:00 WandB logging...
2026-09-29 21:33:00 [ABD3D] 20:33:00 WandB done ✅
2026-09-29 21:33:00 Step 11130/999999999998 | Loss: 0.7293 | MSE: 0.7230 | LPIPS: 0.4480 | KL: 0.0000 | KLw: 1.00 | LR: 2.50e-05 | W: 1.00/0.014/1e-02 | GPU: 15.1GB
2026-09-29 21:33:00 [ABD3D] 20:33:00 Fetching batch...
2026-09-29 21:33:00 [ABD3D] 20:33:00 Batch ready ✅
2026-09-29 21:33:00 [ABD3D] 20:33:00 Forward pass...
2026-09-29 21:33:00 [ABD3D] 20:33:00 Forward done ✅
2026-09-29 21:33:01 [ABD3D] 20:33:01 WandB logging...
2026-09-29 21:33:01 [ABD3D] 20:33:01 WandB done ✅
2026-09-29 21:33:01 Step 11131/999999999998 | Loss: 0.7293 | MSE: 0.7230 | LPIPS: 0.4481 | KL: 0.0000 | KLw: 1.00 | LR: 2.50e-05 | W: 1.00/0.014/1e-02 | GPU: 15.1GB
2026-09-29 21:33:01 [ABD3D] 20:33:01 Fetching batch...
2026-09-29 21:33:01 [ABD3D] 20:33:01 Batch ready ✅
2026-09-29 21:33:01 [ABD3D] 20:33:01 Forward pass...
2026-09-29 21:33:01 [ABD3D] 20:33:01 Forward done ✅
2026-09-29 21:33:02 [ABD3D] 20:33:02 WandB logging...
2026-09-29 21:33:02 [ABD3D] 20:33:02 WandB done ✅
2026-09-29 21:33:02 Step 11132/999999999998 | Loss: 0.7293 | MSE: 0.7230 | LPIPS: 0.4480 | KL: 0.0000 | KLw: 1.00 | LR: 2.50e-05 | W: 1.00/0.014/1e-02 | GPU: 15.1GB
2026-09-29 21:33:02 [ABD3D] 20:33:02 Fetching batch...
2026-09-29 21:33:02 [ABD3D] 20:33:02 Batch ready ✅
2026-09-29 21:33:02 [ABD3D] 20:33:02 Forward pass...
2026-09-29 21:33:03 [ABD3D] 20:33:03 Forward done ✅
2026-09-29 21:33:04 [ABD3D] 20:33:04 WandB logging...
2026-09-29 21:33:04 [ABD3D] 20:33:04 WandB done ✅
2026-09-29 21:33:04 Step 11133/999999999998 | Loss: 0.7294 | MSE: 0.7231 | LPIPS: 0.4480 | KL: 0.0000 | KLw: 1.00 | LR: 2.50e-05 | W: 1.00/0.014/1e-02 | GPU: 15.1GB
2026-09-29 21:33:04 [ABD3D] 20:33:04 Fetching batch...
2026-09-29 21:33:04 [ABD3D] 20:33:04 Batch ready ✅
2026-09-29 21:33:04 [ABD3D] 20:33:04 Forward pass...
2026-09-29 21:33:04 [ABD3D] 20:33:04 Forward done ✅
2026-09-29 21:33:05 [ABD3D] 20:33:05 WandB logging...
2026-09-29 21:33:05 [ABD3D] 20:33:05 WandB done ✅
2026-09-29 21:33:05 Step 11134/999999999998 | Loss: 0.7292 | MSE: 0.7228 | LPIPS: 0.4478 | KL: 0.0000 | KLw: 1.00 | LR: 2.50e-05 | W: 1.00/0.014/1e-02 | GPU: 15.1GB
2026-09-29 21:33:05 [ABD3D] 20:33:05 Fetching batch...
2026-09-29 21:33:05 [ABD3D] 20:33:05 Batch ready ✅
2026-09-29 21:33:05 [ABD3D] 20:33:05 Forward pass...
2026-09-29 21:33:05 [ABD3D] 20:33:05 Forward done ✅
2026-09-29 21:33:07 [ABD3D] 20:33:07 WandB logging...
2026-09-29 21:33:07 [ABD3D] 20:33:07 WandB done ✅
2026-09-29 21:33:07 Step 11135/999999999998 | Loss: 0.7292 | MSE: 0.7229 | LPIPS: 0.4480 | KL: 0.0000 | KLw: 1.00 | LR: 2.50e-05 | W: 1.00/0.014/1e-02 | GPU: 15.1GB
2026-09-29 21:33:07 [ABD3D] 20:33:07 Fetching batch...
2026-09-29 21:33:07 [ABD3D] 20:33:07 Batch ready ✅
2026-09-29 21:33:07 [ABD3D] 20:33:07 Forward pass...
2026-09-29 21:33:07 [ABD3D] 20:33:07 Forward done ✅
2026-09-29 21:33:08 [ABD3D] 20:33:08 WandB logging...
2026-09-29 21:33:08 [ABD3D] 20:33:08 WandB done ✅
2026-09-29 21:33:08 Step 11136/999999999998 | Loss: 0.6947 | MSE: 0.6878 | LPIPS: 0.4874 | KL: 0.0000 | KLw: 1.00 | LR: 2.50e-05 | W: 1.00/0.014/1e-02 | GPU: 15.1GB
2026-09-29 21:33:08 [ABD3D] 20:33:08 Fetching batch...
2026-09-29 21:33:08 [ABD3D] 20:33:08 Batch ready ✅
2026-09-29 21:33:08 [ABD3D] 20:33:08 Forward pass...
2026-09-29 21:33:08 [ABD3D] 20:33:08 Forward done ✅
2026-09-29 21:33:10 [ABD3D] 20:33:10 WandB logging...
2026-09-29 21:33:10 [ABD3D] 20:33:10 WandB done ✅
2026-09-29 21:33:10 Step 11137/999999999998 | Loss: 0.6947 | MSE: 0.6878 | LPIPS: 0.4873 | KL: 0.0000 | KLw: 1.00 | LR: 2.50e-05 | W: 1.00/0.014/1e-02 | GPU: 15.1GB
2026-09-29 21:33:10 [ABD3D] 20:33:10 Fetching batch...
2026-09-29 21:33:10 [ABD3D] 20:33:10 Batch ready ✅
2026-09-29 21:33:10 [ABD3D] 20:33:10 Forward pass...
2026-09-29 21:33:10 [ABD3D] 20:33:10 Forward done ✅
2026-09-29 21:33:11 [ABD3D] 20:33:11 WandB logging...
2026-09-29 21:33:11 [ABD3D] 20:33:11 WandB done ✅
2026-09-29 21:33:11 Step 11138/999999999998 | Loss: 0.6947 | MSE: 0.6878 | LPIPS: 0.4873 | KL: 0.0000 | KLw: 1.00 | LR: 2.50e-05 | W: 1.00/0.014/1e-02 | GPU: 15.1GB
2026-09-29 21:33:11 [ABD3D] 20:33:11 Fetching batch...
2026-09-29 21:33:11 [ABD3D] 20:33:11 Batch ready ✅
2026-09-29 21:33:11 [ABD3D] 20:33:11 Forward pass...
2026-09-29 21:33:11 [ABD3D] 20:33:11 Forward done ✅
2026-09-29 21:33:12 [ABD3D] 20:33:12 WandB logging...
2026-09-29 21:33:12 [ABD3D] 20:33:12 WandB done ✅
2026-09-29 21:33:12 Step 11139/999999999998 | Loss: 0.6947 | MSE: 0.6878 | LPIPS: 0.4874 | KL: 0.0000 | KLw: 1.00 | LR: 2.50e-05 | W: 1.00/0.014/1e-02 | GPU: 15.1GB
2026-09-29 21:33:12 [ABD3D] 20:33:12 Fetching batch...
2026-09-29 21:33:12 [ABD3D] 20:33:12 Batch ready ✅
2026-09-29 21:33:13 [ABD3D] 20:33:13 Forward pass...
2026-09-29 21:33:13 [ABD3D] 20:33:13 Forward done ✅
2026-09-29 21:33:14 [ABD3D] 20:33:14 WandB logging...
2026-09-29 21:33:14 [ABD3D] 20:33:14 WandB done ✅
2026-09-29 21:33:14 Step 11140/999999999998 | Loss: 0.6947 | MSE: 0.6878 | LPIPS: 0.4873 | KL: 0.0000 | KLw: 1.00 | LR: 2.50e-05 | W: 1.00/0.014/1e-02 | GPU: 15.1GB
2026-09-29 21:33:14 [ABD3D] 20:33:14 Fetching batch...
2026-09-29 21:33:14 [ABD3D] 20:33:14 Batch ready ✅
2026-09-29 21:33:14 [ABD3D] 20:33:14 Forward pass...
2026-09-29 21:33:14 [ABD3D] 20:33:14 Forward done ✅
2026-09-29 21:33:15 [ABD3D] 20:33:15 WandB logging...
2026-09-29 21:33:15 [ABD3D] 20:33:15 WandB done ✅
2026-09-29 21:33:15 Step 11141/999999999998 | Loss: 0.6947 | MSE: 0.6878 | LPIPS: 0.4873 | KL: 0.0000 | KLw: 1.00 | LR: 2.50e-05 | W: 1.00/0.014/1e-02 | GPU: 15.1GB
2026-09-29 21:33:15 [ABD3D] 20:33:15 Fetching batch...
2026-09-29 21:33:15 [ABD3D] Yielded 192 samples from shard ✅
2026-09-29 21:33:15 [ABD3D] Deleted shard dome_objaverse/0/13404.parquet ✅
2026-09-29 21:33:15 [ABD3D] Advanced to shard 477/83296
2026-09-29 21:33:15 [ABD3D] Shard done → next shard (step 11142)
2026-09-29 21:33:15 [ABD3D] Loaded 83296 shards from local cache ✅
2026-09-29 21:33:15 [ABD3D] 20:33:15 Fetching batch...
2026-09-29 21:33:15 [ABD3D] Loading shard 477/83296: dome_objaverse/0/13407.parquet
2026-09-29 21:33:15 [ABD3D] Downloading: dome_objaverse/0/13407.parquet (attempt 1/5)
2026-09-29 21:33:16 [ABD3D] Downloaded 15.5MB ✅
2026-09-29 21:33:17 [ABD3D] Decoded rows 32/48; valid views buffered: 32
2026-09-29 21:33:17 [ABD3D] 20:33:17 Batch ready ✅
2026-09-29 21:33:17 [ABD3D] 20:33:17 Forward pass...
2026-09-29 21:33:17 [ABD3D] 20:33:17 Forward done ✅
2026-09-29 21:33:18 [ABD3D] 20:33:18 WandB logging...
2026-09-29 21:33:18 [ABD3D] 20:33:18 WandB done ✅
2026-09-29 21:33:18 Step 11142/999999999998 | Loss: 0.9135 | MSE: 0.9093 | LPIPS: 0.2962 | KL: 0.0000 | KLw: 1.00 | LR: 2.50e-05 | W: 1.00/0.014/1e-02 | GPU: 15.1GB
2026-09-29 21:33:18 [ABD3D] 20:33:18 Fetching batch...
2026-09-29 21:33:18 [ABD3D] 20:33:18 Batch ready ✅
2026-09-29 21:33:18 [ABD3D] 20:33:18 Forward pass...
2026-09-29 21:33:18 [ABD3D] 20:33:18 Forward done ✅
2026-09-29 21:33:19 [ABD3D] 20:33:19 WandB logging...
2026-09-29 21:33:19 [ABD3D] 20:33:19 WandB done ✅
2026-09-29 21:33:19 Step 11143/999999999998 | Loss: 0.9137 | MSE: 0.9095 | LPIPS: 0.2960 | KL: 0.0000 | KLw: 1.00 | LR: 2.50e-05 | W: 1.00/0.014/1e-02 | GPU: 15.1GB
2026-09-29 21:33:19 [ABD3D] 20:33:19 Fetching batch...
2026-09-29 21:33:20 [ABD3D] 20:33:20 Batch ready ✅
2026-09-29 21:33:20 [ABD3D] 20:33:20 Forward pass...
2026-09-29 21:33:20 [ABD3D] 20:33:20 Forward done ✅
2026-09-29 21:33:21 [ABD3D] 20:33:21 WandB logging...
2026-09-29 21:33:21 [ABD3D] 20:33:21 WandB done ✅
2026-09-29 21:33:21 Step 11144/999999999998 | Loss: 0.9136 | MSE: 0.9094 | LPIPS: 0.2961 | KL: 0.0000 | KLw: 1.00 | LR: 2.50e-05 | W: 1.00/0.014/1e-02 | GPU: 15.1GB
2026-09-29 21:33:21 [ABD3D] 20:33:21 Fetching batch...
2026-09-29 21:33:21 [ABD3D] 20:33:21 Batch ready ✅
2026-09-29 21:33:21 [ABD3D] 20:33:21 Forward pass...
2026-09-29 21:33:21 [ABD3D] 20:33:21 Forward done ✅
2026-09-29 21:33:22 [ABD3D] 20:33:22 WandB logging...
2026-09-29 21:33:22 [ABD3D] 20:33:22 WandB done ✅
2026-09-29 21:33:22 Step 11145/999999999998 | Loss: 0.9136 | MSE: 0.9094 | LPIPS: 0.2961 | KL: 0.0000 | KLw: 1.00 | LR: 2.50e-05 | W: 1.00/0.014/1e-02 | GPU: 15.1GB
2026-09-29 21:33:22 [ABD3D] 20:33:22 Fetching batch...
2026-09-29 21:33:22 [ABD3D] 20:33:22 Batch ready ✅
2026-09-29 21:33:22 [ABD3D] 20:33:22 Forward pass...
2026-09-29 21:33:22 [ABD3D] 20:33:22 Forward done ✅
2026-09-29 21:33:24 [ABD3D] 20:33:24 WandB logging...
2026-09-29 21:33:24 [ABD3D] 20:33:24 WandB done ✅
2026-09-29 21:33:24 Step 11146/999999999998 | Loss: 0.9136 | MSE: 0.9094 | LPIPS: 0.2960 | KL: 0.0000 | KLw: 1.00 | LR: 2.50e-05 | W: 1.00/0.014/1e-02 | GPU: 15.1GB
2026-09-29 21:33:24 [ABD3D] 20:33:24 Fetching batch...
2026-09-29 21:33:24 [ABD3D] 20:33:24 Batch ready ✅
2026-09-29 21:33:24 [ABD3D] 20:33:24 Forward pass...
2026-09-29 21:33:24 [ABD3D] 20:33:24 Forward done ✅
2026-09-29 21:33:25 [ABD3D] 20:33:25 WandB logging...
2026-09-29 21:33:25 [ABD3D] 20:33:25 WandB done ✅
2026-09-29 21:33:25 Step 11147/999999999998 | Loss: 0.9136 | MSE: 0.9094 | LPIPS: 0.2960 | KL: 0.0000 | KLw: 1.00 | LR: 2.50e-05 | W: 1.00/0.014/1e-02 | GPU: 15.1GB
2026-09-29 21:33:25 [ABD3D] 20:33:25 Fetching batch...
2026-09-29 21:33:25 [ABD3D] 20:33:25 Batch ready ✅
2026-09-29 21:33:25 [ABD3D] 20:33:25 Forward pass...
2026-09-29 21:33:25 [ABD3D] 20:33:25 Forward done ✅
2026-09-29 21:33:26 [ABD3D] 20:33:26 WandB logging...
2026-09-29 21:33:26 [ABD3D] 20:33:26 WandB done ✅
2026-09-29 21:33:26 Step 11148/999999999998 | Loss: 0.9001 | MSE: 0.8959 | LPIPS: 0.2998 | KL: 0.0000 | KLw: 1.00 | LR: 2.50e-05 | W: 1.00/0.014/1e-02 | GPU: 15.1GB
2026-09-29 21:33:26 [ABD3D] 20:33:26 Fetching batch...
2026-09-29 21:33:27 [ABD3D] 20:33:27 Batch ready ✅
2026-09-29 21:33:27 [ABD3D] 20:33:27 Forward pass...
2026-09-29 21:33:27 [ABD3D] 20:33:27 Forward done ✅
2026-09-29 21:33:28 [ABD3D] 20:33:28 WandB logging...
2026-09-29 21:33:28 [ABD3D] 20:33:28 WandB done ✅
2026-09-29 21:33:28 Step 11149/999999999998 | Loss: 0.8998 | MSE: 0.8955 | LPIPS: 0.3009 | KL: 0.0000 | KLw: 1.00 | LR: 2.50e-05 | W: 1.00/0.014/1e-02 | GPU: 15.1GB
2026-09-29 21:33:28 [ABD3D] 20:33:28 Fetching batch...
2026-09-29 21:33:28 [ABD3D] 20:33:28 Batch ready ✅
2026-09-29 21:33:28 [ABD3D] 20:33:28 Forward pass...
2026-09-29 21:33:28 [ABD3D] 20:33:28 Forward done ✅
2026-09-29 21:33:29 [ABD3D] 20:33:29 WandB logging...
2026-09-29 21:33:29 [ABD3D] 20:33:29 WandB done ✅
2026-09-29 21:33:29 Step 11150/999999999998 | Loss: 0.8999 | MSE: 0.8957 | LPIPS: 0.3005 | KL: 0.0000 | KLw: 1.00 | LR: 2.50e-05 | W: 1.00/0.014/1e-02 | GPU: 15.1GB
2026-09-29 21:33:29 [ABD3D] 20:33:29 Fetching batch...
2026-09-29 21:33:29 [ABD3D] 20:33:29 Batch ready ✅
2026-09-29 21:33:29 [ABD3D] 20:33:29 Forward pass...
2026-09-29 21:33:29 [ABD3D] 20:33:29 Forward done ✅
2026-09-29 21:33:31 [ABD3D] 20:33:31 WandB logging...
2026-09-29 21:33:31 [ABD3D] 20:33:31 WandB done ✅
2026-09-29 21:33:31 Step 11151/999999999998 | Loss: 0.9001 | MSE: 0.8959 | LPIPS: 0.3005 | KL: 0.0000 | KLw: 1.00 | LR: 2.50e-05 | W: 1.00/0.014/1e-02 | GPU: 15.1GB
2026-09-29 21:33:31 [ABD3D] 20:33:31 Fetching batch...
2026-09-29 21:33:31 [ABD3D] 20:33:31 Batch ready ✅
2026-09-29 21:33:31 [ABD3D] 20:33:31 Forward pass...
2026-09-29 21:33:31 [ABD3D] 20:33:31 Forward done ✅
2026-09-29 21:33:32 [ABD3D] 20:33:32 WandB logging...
2026-09-29 21:33:32 [ABD3D] 20:33:32 WandB done ✅
2026-09-29 21:33:32 Step 11152/999999999998 | Loss: 0.9003 | MSE: 0.8960 | LPIPS: 0.3001 | KL: 0.0000 | KLw: 1.00 | LR: 2.50e-05 | W: 1.00/0.014/1e-02 | GPU: 15.1GB
2026-09-29 21:33:32 [ABD3D] 20:33:32 Fetching batch...
2026-09-29 21:33:32 [ABD3D] 20:33:32 Batch ready ✅
2026-09-29 21:33:32 [ABD3D] 20:33:32 Forward pass...
2026-09-29 21:33:32 [ABD3D] 20:33:32 Forward done ✅
2026-09-29 21:33:34 [ABD3D] 20:33:34 WandB logging...
2026-09-29 21:33:34 [ABD3D] 20:33:34 WandB done ✅
2026-09-29 21:33:34 Step 11153/999999999998 | Loss: 0.9000 | MSE: 0.8957 | LPIPS: 0.3004 | KL: 0.0000 | KLw: 1.00 | LR: 2.50e-05 | W: 1.00/0.014/1e-02 | GPU: 15.1GB
2026-09-29 21:33:34 [ABD3D] 20:33:34 Fetching batch...
2026-09-29 21:33:34 [ABD3D] 20:33:34 Batch ready ✅
2026-09-29 21:33:34 [ABD3D] 20:33:34 Forward pass...
2026-09-29 21:33:34 [ABD3D] 20:33:34 Forward done ✅
2026-09-29 21:33:35 [ABD3D] 20:33:35 WandB logging...
2026-09-29 21:33:35 [ABD3D] 20:33:35 WandB done ✅
2026-09-29 21:33:35 Step 11154/999999999998 | Loss: 0.8911 | MSE: 0.8869 | LPIPS: 0.2962 | KL: 0.0000 | KLw: 1.00 | LR: 2.50e-05 | W: 1.00/0.014/1e-02 | GPU: 15.1GB
2026-09-29 21:33:35 [ABD3D] 20:33:35 Fetching batch...
2026-09-29 21:33:35 [ABD3D] 20:33:35 Batch ready ✅
2026-09-29 21:33:35 [ABD3D] 20:33:35 Forward pass...
2026-09-29 21:33:35 [ABD3D] 20:33:35 Forward done ✅
2026-09-29 21:33:37 [ABD3D] 20:33:37 WandB logging...
2026-09-29 21:33:37 [ABD3D] 20:33:37 WandB done ✅
2026-09-29 21:33:37 Step 11155/999999999998 | Loss: 0.8916 | MSE: 0.8874 | LPIPS: 0.2963 | KL: 0.0000 | KLw: 1.00 | LR: 2.50e-05 | W: 1.00/0.014/1e-02 | GPU: 15.1GB
2026-09-29 21:33:37 [ABD3D] 20:33:37 Fetching batch...
2026-09-29 21:33:37 [ABD3D] 20:33:37 Batch ready ✅
2026-09-29 21:33:37 [ABD3D] 20:33:37 Forward pass...
2026-09-29 21:33:37 [ABD3D] 20:33:37 Forward done ✅
2026-09-29 21:33:38 [ABD3D] 20:33:38 WandB logging...
2026-09-29 21:33:38 [ABD3D] 20:33:38 WandB done ✅
2026-09-29 21:33:38 Step 11156/999999999998 | Loss: 0.8915 | MSE: 0.8873 | LPIPS: 0.2965 | KL: 0.0000 | KLw: 1.00 | LR: 2.50e-05 | W: 1.00/0.014/1e-02 | GPU: 15.1GB
2026-09-29 21:33:38 [ABD3D] 20:33:38 Fetching batch...
2026-09-29 21:33:38 [ABD3D] 20:33:38 Batch ready ✅
2026-09-29 21:33:38 [ABD3D] 20:33:38 Forward pass...
2026-09-29 21:33:38 [ABD3D] 20:33:38 Forward done ✅
2026-09-29 21:33:39 [ABD3D] 20:33:39 WandB logging...
2026-09-29 21:33:39 [ABD3D] 20:33:39 WandB done ✅
2026-09-29 21:33:39 Step 11157/999999999998 | Loss: 0.8913 | MSE: 0.8871 | LPIPS: 0.2964 | KL: 0.0000 | KLw: 1.00 | LR: 2.50e-05 | W: 1.00/0.014/1e-02 | GPU: 15.1GB
2026-09-29 21:33:39 [ABD3D] 20:33:39 Fetching batch...
2026-09-29 21:33:39 [ABD3D] 20:33:39 Batch ready ✅
2026-09-29 21:33:39 [ABD3D] 20:33:39 Forward pass...
2026-09-29 21:33:40 [ABD3D] 20:33:40 Forward done ✅
2026-09-29 21:33:41 [ABD3D] 20:33:41 WandB logging...
2026-09-29 21:33:41 [ABD3D] 20:33:41 WandB done ✅
2026-09-29 21:33:41 Step 11158/999999999998 | Loss: 0.8911 | MSE: 0.8869 | LPIPS: 0.2964 | KL: 0.0000 | KLw: 1.00 | LR: 2.50e-05 | W: 1.00/0.014/1e-02 | GPU: 15.1GB
2026-09-29 21:33:41 [ABD3D] 20:33:41 Fetching batch...
2026-09-29 21:33:41 [ABD3D] 20:33:41 Batch ready ✅
2026-09-29 21:33:41 [ABD3D] 20:33:41 Forward pass...
2026-09-29 21:33:41 [ABD3D] 20:33:41 Forward done ✅
2026-09-29 21:33:42 [ABD3D] 20:33:42 WandB logging...
2026-09-29 21:33:42 [ABD3D] 20:33:42 WandB done ✅
2026-09-29 21:33:42 Step 11159/999999999998 | Loss: 0.8914 | MSE: 0.8872 | LPIPS: 0.2965 | KL: 0.0000 | KLw: 1.00 | LR: 2.50e-05 | W: 1.00/0.014/1e-02 | GPU: 15.1GB
2026-09-29 21:33:42 [ABD3D] 20:33:42 Fetching batch...
2026-09-29 21:33:42 [ABD3D] 20:33:42 Batch ready ✅
2026-09-29 21:33:42 [ABD3D] 20:33:42 Forward pass...
2026-09-29 21:33:42 [ABD3D] 20:33:42 Forward done ✅
2026-09-29 21:33:44 [ABD3D] 20:33:44 WandB logging...
2026-09-29 21:33:44 [ABD3D] 20:33:44 WandB done ✅
2026-09-29 21:33:44 Step 11160/999999999998 | Loss: 0.9007 | MSE: 0.8966 | LPIPS: 0.2896 | KL: 0.0000 | KLw: 1.00 | LR: 2.50e-05 | W: 1.00/0.014/1e-02 | GPU: 15.1GB
2026-09-29 21:33:44 [ABD3D] 20:33:44 Fetching batch...
2026-09-29 21:33:44 [ABD3D] 20:33:44 Batch ready ✅
2026-09-29 21:33:44 [ABD3D] 20:33:44 Forward pass...
2026-09-29 21:33:44 [ABD3D] 20:33:44 Forward done ✅
2026-09-29 21:33:45 [ABD3D] 20:33:45 WandB logging...
2026-09-29 21:33:45 [ABD3D] 20:33:45 WandB done ✅
2026-09-29 21:33:45 Step 11161/999999999998 | Loss: 0.9007 | MSE: 0.8966 | LPIPS: 0.2895 | KL: 0.0000 | KLw: 1.00 | LR: 2.50e-05 | W: 1.00/0.014/1e-02 | GPU: 15.1GB
2026-09-29 21:33:45 [ABD3D] 20:33:45 Fetching batch...
2026-09-29 21:33:45 [ABD3D] 20:33:45 Batch ready ✅
2026-09-29 21:33:45 [ABD3D] 20:33:45 Forward pass...
2026-09-29 21:33:45 [ABD3D] 20:33:45 Forward done ✅
2026-09-29 21:33:46 [ABD3D] 20:33:46 WandB logging...
2026-09-29 21:33:46 [ABD3D] 20:33:46 WandB done ✅
2026-09-29 21:33:46 Step 11162/999999999998 | Loss: 0.9007 | MSE: 0.8966 | LPIPS: 0.2897 | KL: 0.0000 | KLw: 1.00 | LR: 2.50e-05 | W: 1.00/0.014/1e-02 | GPU: 15.1GB
2026-09-29 21:33:46 [ABD3D] 20:33:46 Fetching batch...
2026-09-29 21:33:46 [ABD3D] 20:33:46 Batch ready ✅
2026-09-29 21:33:46 [ABD3D] 20:33:46 Forward pass...
2026-09-29 21:33:47 [ABD3D] 20:33:47 Forward done ✅
2026-09-29 21:33:48 [ABD3D] 20:33:48 WandB logging...
2026-09-29 21:33:48 [ABD3D] 20:33:48 WandB done ✅
2026-09-29 21:33:48 Step 11163/999999999998 | Loss: 0.9007 | MSE: 0.8966 | LPIPS: 0.2895 | KL: 0.0000 | KLw: 1.00 | LR: 2.50e-05 | W: 1.00/0.014/1e-02 | GPU: 15.1GB
2026-09-29 21:33:48 [ABD3D] 20:33:48 Fetching batch...
2026-09-29 21:33:48 [ABD3D] 20:33:48 Batch ready ✅
2026-09-29 21:33:48 [ABD3D] 20:33:48 Forward pass...
2026-09-29 21:33:48 [ABD3D] 20:33:48 Forward done ✅
2026-09-29 21:33:49 [ABD3D] 20:33:49 WandB logging...
2026-09-29 21:33:49 [ABD3D] 20:33:49 WandB done ✅
2026-09-29 21:33:49 Step 11164/999999999998 | Loss: 0.9007 | MSE: 0.8966 | LPIPS: 0.2896 | KL: 0.0000 | KLw: 1.00 | LR: 2.50e-05 | W: 1.00/0.014/1e-02 | GPU: 15.1GB
2026-09-29 21:33:49 [ABD3D] 20:33:49 Fetching batch...
2026-09-29 21:33:49 [ABD3D] 20:33:49 Batch ready ✅
2026-09-29 21:33:49 [ABD3D] 20:33:49 Forward pass...
2026-09-29 21:33:49 [ABD3D] 20:33:49 Forward done ✅
2026-09-29 21:33:51 [ABD3D] 20:33:51 WandB logging...
2026-09-29 21:33:51 [ABD3D] 20:33:51 WandB done ✅
2026-09-29 21:33:51 Step 11165/999999999998 | Loss: 0.9007 | MSE: 0.8966 | LPIPS: 0.2896 | KL: 0.0000 | KLw: 1.00 | LR: 2.50e-05 | W: 1.00/0.014/1e-02 | GPU: 15.1GB
2026-09-29 21:33:51 [ABD3D] 20:33:51 Fetching batch...
2026-09-29 21:33:51 [ABD3D] Yielded 192 samples from shard ✅
2026-09-29 21:33:51 [ABD3D] Deleted shard dome_objaverse/0/13407.parquet ✅
2026-09-29 21:33:51 [ABD3D] Advanced to shard 478/83296
2026-09-29 21:33:51 [ABD3D] Shard done → next shard (step 11166)
2026-09-29 21:33:51 [ABD3D] Loaded 83296 shards from local cache ✅
2026-09-29 21:33:51 [ABD3D] 20:33:51 Fetching batch...
2026-09-29 21:33:51 [ABD3D] Loading shard 478/83296: dome_objaverse/0/13409.parquet
2026-09-29 21:33:51 [ABD3D] Downloading: dome_objaverse/0/13409.parquet (attempt 1/5)
2026-09-29 21:33:51 [ABD3D] Downloaded 12.8MB ✅
2026-09-29 21:33:52 [ABD3D] Decoded rows 32/48; valid views buffered: 32
2026-09-29 21:33:52 [ABD3D] 20:33:52 Batch ready ✅
2026-09-29 21:33:52 [ABD3D] 20:33:52 Forward pass...
2026-09-29 21:33:52 [ABD3D] 20:33:52 Forward done ✅
2026-09-29 21:33:53 [ABD3D] 20:33:53 WandB logging...
2026-09-29 21:33:53 [ABD3D] 20:33:53 WandB done ✅
2026-09-29 21:33:53 Step 11166/999999999998 | Loss: 0.9471 | MSE: 0.9433 | LPIPS: 0.2696 | KL: 0.0000 | KLw: 1.00 | LR: 2.50e-05 | W: 1.00/0.014/1e-02 | GPU: 15.1GB
2026-09-29 21:33:53 [ABD3D] 20:33:53 Fetching batch...
2026-09-29 21:33:53 [ABD3D] 20:33:53 Batch ready ✅
2026-09-29 21:33:53 [ABD3D] 20:33:53 Forward pass...
2026-09-29 21:33:53 [ABD3D] 20:33:53 Forward done ✅
2026-09-29 21:33:55 [ABD3D] 20:33:55 WandB logging...
2026-09-29 21:33:55 [ABD3D] 20:33:55 WandB done ✅
2026-09-29 21:33:55 Step 11167/999999999998 | Loss: 0.9473 | MSE: 0.9435 | LPIPS: 0.2696 | KL: 0.0000 | KLw: 1.00 | LR: 2.50e-05 | W: 1.00/0.014/1e-02 | GPU: 15.1GB
2026-09-29 21:33:55 [ABD3D] 20:33:55 Fetching batch...
2026-09-29 21:33:55 [ABD3D] 20:33:55 Batch ready ✅
2026-09-29 21:33:55 [ABD3D] 20:33:55 Forward pass...
2026-09-29 21:33:55 [ABD3D] 20:33:55 Forward done ✅
2026-09-29 21:33:56 [ABD3D] 20:33:56 WandB logging...
2026-09-29 21:33:56 [ABD3D] 20:33:56 WandB done ✅
2026-09-29 21:33:56 Step 11168/999999999998 | Loss: 0.9474 | MSE: 0.9436 | LPIPS: 0.2696 | KL: 0.0000 | KLw: 1.00 | LR: 2.50e-05 | W: 1.00/0.014/1e-02 | GPU: 15.1GB
2026-09-29 21:33:56 [ABD3D] 20:33:56 Fetching batch...
2026-09-29 21:33:56 [ABD3D] 20:33:56 Batch ready ✅
2026-09-29 21:33:56 [ABD3D] 20:33:56 Forward pass...
2026-09-29 21:33:56 [ABD3D] 20:33:56 Forward done ✅
2026-09-29 21:33:58 [ABD3D] 20:33:58 WandB logging...
2026-09-29 21:33:58 [ABD3D] 20:33:58 WandB done ✅
2026-09-29 21:33:58 Step 11169/999999999998 | Loss: 0.9471 | MSE: 0.9433 | LPIPS: 0.2695 | KL: 0.0000 | KLw: 1.00 | LR: 2.50e-05 | W: 1.00/0.014/1e-02 | GPU: 15.1GB
2026-09-29 21:33:58 [ABD3D] 20:33:58 Fetching batch...
2026-09-29 21:33:58 [ABD3D] 20:33:58 Batch ready ✅
2026-09-29 21:33:58 [ABD3D] 20:33:58 Forward pass...
2026-09-29 21:33:58 [ABD3D] 20:33:58 Forward done ✅
2026-09-29 21:33:59 [ABD3D] 20:33:59 WandB logging...
2026-09-29 21:33:59 [ABD3D] 20:33:59 WandB done ✅
2026-09-29 21:33:59 Step 11170/999999999998 | Loss: 0.9470 | MSE: 0.9432 | LPIPS: 0.2699 | KL: 0.0000 | KLw: 1.00 | LR: 2.50e-05 | W: 1.00/0.014/1e-02 | GPU: 15.1GB
2026-09-29 21:33:59 [ABD3D] 20:33:59 Fetching batch...
2026-09-29 21:33:59 [ABD3D] 20:33:59 Batch ready ✅
2026-09-29 21:33:59 [ABD3D] 20:33:59 Forward pass...
2026-09-29 21:33:59 [ABD3D] 20:33:59 Forward done ✅
2026-09-29 21:34:00 [ABD3D] 20:34:00 WandB logging...
2026-09-29 21:34:00 [ABD3D] 20:34:00 WandB done ✅
2026-09-29 21:34:00 Step 11171/999999999998 | Loss: 0.9470 | MSE: 0.9432 | LPIPS: 0.2696 | KL: 0.0000 | KLw: 1.00 | LR: 2.50e-05 | W: 1.00/0.014/1e-02 | GPU: 15.1GB
2026-09-29 21:34:00 [ABD3D] 20:34:00 Fetching batch...
2026-09-29 21:34:00 [ABD3D] 20:34:00 Batch ready ✅
2026-09-29 21:34:00 [ABD3D] 20:34:00 Forward pass...
2026-09-29 21:34:00 [ABD3D] 20:34:00 Forward done ✅
2026-09-29 21:34:02 [ABD3D] 20:34:02 WandB logging...
2026-09-29 21:34:02 [ABD3D] 20:34:02 WandB done ✅
2026-09-29 21:34:02 Step 11172/999999999998 | Loss: 0.9537 | MSE: 0.9500 | LPIPS: 0.2659 | KL: 0.0000 | KLw: 1.00 | LR: 2.50e-05 | W: 1.00/0.014/1e-02 | GPU: 15.1GB
2026-09-29 21:34:02 [ABD3D] 20:34:02 Fetching batch...
2026-09-29 21:34:02 [ABD3D] 20:34:02 Batch ready ✅
2026-09-29 21:34:02 [ABD3D] 20:34:02 Forward pass...
2026-09-29 21:34:02 [ABD3D] 20:34:02 Forward done ✅
2026-09-29 21:34:03 [ABD3D] 20:34:03 WandB logging...
2026-09-29 21:34:03 [ABD3D] 20:34:03 WandB done ✅
2026-09-29 21:34:03 Step 11173/999999999998 | Loss: 0.9535 | MSE: 0.9497 | LPIPS: 0.2661 | KL: 0.0000 | KLw: 1.00 | LR: 2.50e-05 | W: 1.00/0.014/1e-02 | GPU: 15.1GB
2026-09-29 21:34:03 [ABD3D] 20:34:03 Fetching batch...
2026-09-29 21:34:03 [ABD3D] 20:34:03 Batch ready ✅
2026-09-29 21:34:03 [ABD3D] 20:34:03 Forward pass...
2026-09-29 21:34:03 [ABD3D] 20:34:03 Forward done ✅
2026-09-29 21:34:04 [ABD3D] 20:34:04 WandB logging...
2026-09-29 21:34:04 [ABD3D] 20:34:04 WandB done ✅
2026-09-29 21:34:04 Step 11174/999999999998 | Loss: 0.9535 | MSE: 0.9498 | LPIPS: 0.2662 | KL: 0.0000 | KLw: 1.00 | LR: 2.50e-05 | W: 1.00/0.014/1e-02 | GPU: 15.1GB
2026-09-29 21:34:04 [ABD3D] 20:34:04 Fetching batch...
2026-09-29 21:34:05 [ABD3D] 20:34:05 Batch ready ✅
2026-09-29 21:34:05 [ABD3D] 20:34:05 Forward pass...
2026-09-29 21:34:05 [ABD3D] 20:34:05 Forward done ✅
2026-09-29 21:34:06 [ABD3D] 20:34:06 WandB logging...
2026-09-29 21:34:06 [ABD3D] 20:34:06 WandB done ✅
2026-09-29 21:34:06 Step 11175/999999999998 | Loss: 0.9537 | MSE: 0.9499 | LPIPS: 0.2659 | KL: 0.0000 | KLw: 1.00 | LR: 2.50e-05 | W: 1.00/0.014/1e-02 | GPU: 15.1GB
2026-09-29 21:34:06 [ABD3D] 20:34:06 Fetching batch...
2026-09-29 21:34:06 [ABD3D] 20:34:06 Batch ready ✅
2026-09-29 21:34:06 [ABD3D] 20:34:06 Forward pass...
2026-09-29 21:34:06 [ABD3D] 20:34:06 Forward done ✅
2026-09-29 21:34:07 [ABD3D] 20:34:07 WandB logging...
2026-09-29 21:34:07 [ABD3D] 20:34:07 WandB done ✅
2026-09-29 21:34:07 Step 11176/999999999998 | Loss: 0.9536 | MSE: 0.9498 | LPIPS: 0.2661 | KL: 0.0000 | KLw: 1.00 | LR: 2.50e-05 | W: 1.00/0.014/1e-02 | GPU: 15.1GB
2026-09-29 21:34:07 [ABD3D] 20:34:07 Fetching batch...
2026-09-29 21:34:07 [ABD3D] 20:34:07 Batch ready ✅
2026-09-29 21:34:07 [ABD3D] 20:34:07 Forward pass...
2026-09-29 21:34:07 [ABD3D] 20:34:07 Forward done ✅
2026-09-29 21:34:09 [ABD3D] 20:34:09 WandB logging...
2026-09-29 21:34:09 [ABD3D] 20:34:09 WandB done ✅
2026-09-29 21:34:09 Step 11177/999999999998 | Loss: 0.9535 | MSE: 0.9497 | LPIPS: 0.2660 | KL: 0.0000 | KLw: 1.00 | LR: 2.50e-05 | W: 1.00/0.014/1e-02 | GPU: 15.1GB
2026-09-29 21:34:09 [ABD3D] 20:34:09 Fetching batch...
2026-09-29 21:34:09 [ABD3D] 20:34:09 Batch ready ✅
2026-09-29 21:34:09 [ABD3D] 20:34:09 Forward pass...
2026-09-29 21:34:09 [ABD3D] 20:34:09 Forward done ✅
2026-09-29 21:34:10 [ABD3D] 20:34:10 WandB logging...
2026-09-29 21:34:10 [ABD3D] 20:34:10 WandB done ✅
2026-09-29 21:34:10 Step 11178/999999999998 | Loss: 0.9653 | MSE: 0.9618 | LPIPS: 0.2514 | KL: 0.0000 | KLw: 1.00 | LR: 2.50e-05 | W: 1.00/0.014/1e-02 | GPU: 15.1GB
2026-09-29 21:34:10 [ABD3D] 20:34:10 Fetching batch...
2026-09-29 21:34:10 [ABD3D] 20:34:10 Batch ready ✅
2026-09-29 21:34:10 [ABD3D] 20:34:10 Forward pass...
2026-09-29 21:34:10 [ABD3D] 20:34:10 Forward done ✅
2026-09-29 21:34:12 [ABD3D] 20:34:12 WandB logging...
2026-09-29 21:34:12 [ABD3D] 20:34:12 WandB done ✅
2026-09-29 21:34:12 Step 11179/999999999998 | Loss: 0.9657 | MSE: 0.9621 | LPIPS: 0.2514 | KL: 0.0000 | KLw: 1.00 | LR: 2.50e-05 | W: 1.00/0.014/1e-02 | GPU: 15.1GB
2026-09-29 21:34:12 [ABD3D] 20:34:12 Fetching batch...
2026-09-29 21:34:12 [ABD3D] 20:34:12 Batch ready ✅
2026-09-29 21:34:12 [ABD3D] 20:34:12 Forward pass...
2026-09-29 21:34:12 [ABD3D] 20:34:12 Forward done ✅
2026-09-29 21:34:13 [ABD3D] 20:34:13 WandB logging...
2026-09-29 21:34:13 [ABD3D] 20:34:13 WandB done ✅
2026-09-29 21:34:13 Step 11180/999999999998 | Loss: 0.9656 | MSE: 0.9621 | LPIPS: 0.2515 | KL: 0.0000 | KLw: 1.00 | LR: 2.50e-05 | W: 1.00/0.014/1e-02 | GPU: 15.1GB
2026-09-29 21:34:13 [ABD3D] 20:34:13 Fetching batch...
2026-09-29 21:34:13 [ABD3D] 20:34:13 Batch ready ✅
2026-09-29 21:34:13 [ABD3D] 20:34:13 Forward pass...
2026-09-29 21:34:13 [ABD3D] 20:34:13 Forward done ✅
2026-09-29 21:34:14 [ABD3D] 20:34:14 WandB logging...
2026-09-29 21:34:14 [ABD3D] 20:34:14 WandB done ✅
2026-09-29 21:34:14 Step 11181/999999999998 | Loss: 0.9655 | MSE: 0.9619 | LPIPS: 0.2514 | KL: 0.0000 | KLw: 1.00 | LR: 2.50e-05 | W: 1.00/0.014/1e-02 | GPU: 15.1GB
2026-09-29 21:34:15 [ABD3D] 20:34:14 Fetching batch...
2026-09-29 21:34:15 [ABD3D] 20:34:15 Batch ready ✅
2026-09-29 21:34:15 [ABD3D] 20:34:15 Forward pass...
2026-09-29 21:34:15 [ABD3D] 20:34:15 Forward done ✅
2026-09-29 21:34:16 [ABD3D] 20:34:16 WandB logging...
2026-09-29 21:34:16 [ABD3D] 20:34:16 WandB done ✅
2026-09-29 21:34:16 Step 11182/999999999998 | Loss: 0.9653 | MSE: 0.9617 | LPIPS: 0.2515 | KL: 0.0000 | KLw: 1.00 | LR: 2.50e-05 | W: 1.00/0.014/1e-02 | GPU: 15.1GB
2026-09-29 21:34:16 [ABD3D] 20:34:16 Fetching batch...
2026-09-29 21:34:16 [ABD3D] 20:34:16 Batch ready ✅
2026-09-29 21:34:16 [ABD3D] 20:34:16 Forward pass...
2026-09-29 21:34:16 [ABD3D] 20:34:16 Forward done ✅
2026-09-29 21:34:17 [ABD3D] 20:34:17 WandB logging...
2026-09-29 21:34:17 [ABD3D] 20:34:17 WandB done ✅
2026-09-29 21:34:17 Step 11183/999999999998 | Loss: 0.9658 | MSE: 0.9622 | LPIPS: 0.2514 | KL: 0.0000 | KLw: 1.00 | LR: 2.50e-05 | W: 1.00/0.014/1e-02 | GPU: 15.1GB
2026-09-29 21:34:17 [ABD3D] 20:34:17 Fetching batch...
2026-09-29 21:34:17 [ABD3D] 20:34:17 Batch ready ✅
2026-09-29 21:34:17 [ABD3D] 20:34:17 Forward pass...
2026-09-29 21:34:17 [ABD3D] 20:34:17 Forward done ✅
2026-09-29 21:34:19 [ABD3D] 20:34:19 WandB logging...
2026-09-29 21:34:19 [ABD3D] 20:34:19 WandB done ✅
2026-09-29 21:34:19 Step 11184/999999999998 | Loss: 0.9785 | MSE: 0.9751 | LPIPS: 0.2403 | KL: 0.0000 | KLw: 1.00 | LR: 2.50e-05 | W: 1.00/0.014/1e-02 | GPU: 15.1GB
2026-09-29 21:34:19 [ABD3D] 20:34:19 Fetching batch...
2026-09-29 21:34:19 [ABD3D] 20:34:19 Batch ready ✅
2026-09-29 21:34:19 [ABD3D] 20:34:19 Forward pass...
2026-09-29 21:34:19 [ABD3D] 20:34:19 Forward done ✅
2026-09-29 21:34:20 [ABD3D] 20:34:20 WandB logging...
2026-09-29 21:34:20 [ABD3D] 20:34:20 WandB done ✅
2026-09-29 21:34:20 Step 11185/999999999998 | Loss: 0.9785 | MSE: 0.9751 | LPIPS: 0.2403 | KL: 0.0000 | KLw: 1.00 | LR: 2.50e-05 | W: 1.00/0.014/1e-02 | GPU: 15.1GB
2026-09-29 21:34:20 [ABD3D] 20:34:20 Fetching batch...
2026-09-29 21:34:20 [ABD3D] 20:34:20 Batch ready ✅
2026-09-29 21:34:20 [ABD3D] 20:34:20 Forward pass...
2026-09-29 21:34:20 [ABD3D] 20:34:20 Forward done ✅
2026-09-29 21:34:21 [ABD3D] 20:34:21 WandB logging...
2026-09-29 21:34:21 [ABD3D] 20:34:21 WandB done ✅
2026-09-29 21:34:21 Step 11186/999999999998 | Loss: 0.9785 | MSE: 0.9751 | LPIPS: 0.2403 | KL: 0.0000 | KLw: 1.00 | LR: 2.50e-05 | W: 1.00/0.014/1e-02 | GPU: 15.1GB
2026-09-29 21:34:21 [ABD3D] 20:34:21 Fetching batch...
2026-09-29 21:34:21 [ABD3D] 20:34:21 Batch ready ✅
2026-09-29 21:34:21 [ABD3D] 20:34:21 Forward pass...
2026-09-29 21:34:21 [ABD3D] 20:34:21 Forward done ✅
2026-09-29 21:34:23 [ABD3D] 20:34:23 WandB logging...
2026-09-29 21:34:23 [ABD3D] 20:34:23 WandB done ✅
2026-09-29 21:34:23 Step 11187/999999999998 | Loss: 0.9785 | MSE: 0.9751 | LPIPS: 0.2403 | KL: 0.0000 | KLw: 1.00 | LR: 2.50e-05 | W: 1.00/0.014/1e-02 | GPU: 15.1GB
2026-09-29 21:34:23 [ABD3D] 20:34:23 Fetching batch...
2026-09-29 21:34:23 [ABD3D] 20:34:23 Batch ready ✅
2026-09-29 21:34:23 [ABD3D] 20:34:23 Forward pass...
2026-09-29 21:34:23 [ABD3D] 20:34:23 Forward done ✅
2026-09-29 21:34:24 [ABD3D] 20:34:24 WandB logging...
2026-09-29 21:34:24 [ABD3D] 20:34:24 WandB done ✅
2026-09-29 21:34:24 Step 11188/999999999998 | Loss: 0.9785 | MSE: 0.9751 | LPIPS: 0.2403 | KL: 0.0000 | KLw: 1.00 | LR: 2.50e-05 | W: 1.00/0.014/1e-02 | GPU: 15.1GB
2026-09-29 21:34:24 [ABD3D] 20:34:24 Fetching batch...
2026-09-29 21:34:24 [ABD3D] 20:34:24 Batch ready ✅
2026-09-29 21:34:24 [ABD3D] 20:34:24 Forward pass...
2026-09-29 21:34:24 [ABD3D] 20:34:24 Forward done ✅
2026-09-29 21:34:25 [ABD3D] 20:34:25 WandB logging...
2026-09-29 21:34:25 [ABD3D] 20:34:25 WandB done ✅
2026-09-29 21:34:25 Step 11189/999999999998 | Loss: 0.9785 | MSE: 0.9751 | LPIPS: 0.2403 | KL: 0.0000 | KLw: 1.00 | LR: 2.50e-05 | W: 1.00/0.014/1e-02 | GPU: 15.1GB
2026-09-29 21:34:25 [ABD3D] 20:34:25 Fetching batch...
2026-09-29 21:34:25 [ABD3D] Yielded 192 samples from shard ✅
2026-09-29 21:34:25 [ABD3D] Deleted shard dome_objaverse/0/13409.parquet ✅
2026-09-29 21:34:25 [ABD3D] Advanced to shard 479/83296
2026-09-29 21:34:25 [ABD3D] Shard done → next shard (step 11190)
2026-09-29 21:34:26 [ABD3D] Loaded 83296 shards from local cache ✅
2026-09-29 21:34:26 [ABD3D] 20:34:26 Fetching batch...
2026-09-29 21:34:26 [ABD3D] Loading shard 479/83296: dome_objaverse/0/13412.parquet
2026-09-29 21:34:26 [ABD3D] Downloading: dome_objaverse/0/13412.parquet (attempt 1/5)
2026-09-29 21:34:27 [ABD3D] Downloaded 18.5MB ✅
2026-09-29 21:34:27 [ABD3D] Decoded rows 32/48; valid views buffered: 32
2026-09-29 21:34:27 [ABD3D] 20:34:27 Batch ready ✅
2026-09-29 21:34:28 [ABD3D] 20:34:28 Forward pass...
2026-09-29 21:34:28 [ABD3D] 20:34:28 Forward done ✅
2026-09-29 21:34:29 [ABD3D] 20:34:29 WandB logging...
2026-09-29 21:34:29 [ABD3D] 20:34:29 WandB done ✅
2026-09-29 21:34:29 Step 11190/999999999998 | Loss: 0.9303 | MSE: 0.9261 | LPIPS: 0.3009 | KL: 0.0000 | KLw: 1.00 | LR: 2.50e-05 | W: 1.00/0.014/1e-02 | GPU: 15.1GB
2026-09-29 21:34:29 [ABD3D] 20:34:29 Fetching batch...
2026-09-29 21:34:29 [ABD3D] 20:34:29 Batch ready ✅
2026-09-29 21:34:29 [ABD3D] 20:34:29 Forward pass...
2026-09-29 21:34:29 [ABD3D] 20:34:29 Forward done ✅
2026-09-29 21:34:30 [ABD3D] 20:34:30 WandB logging...
2026-09-29 21:34:30 [ABD3D] 20:34:30 WandB done ✅
2026-09-29 21:34:30 Step 11191/999999999998 | Loss: 0.9305 | MSE: 0.9262 | LPIPS: 0.3010 | KL: 0.0000 | KLw: 1.00 | LR: 2.50e-05 | W: 1.00/0.014/1e-02 | GPU: 15.1GB
2026-09-29 21:34:30 [ABD3D] 20:34:30 Fetching batch...
2026-09-29 21:34:30 [ABD3D] 20:34:30 Batch ready ✅
2026-09-29 21:34:30 [ABD3D] 20:34:30 Forward pass...
2026-09-29 21:34:30 [ABD3D] 20:34:30 Forward done ✅
2026-09-29 21:34:32 [ABD3D] 20:34:32 WandB logging...
2026-09-29 21:34:32 [ABD3D] 20:34:32 WandB done ✅
2026-09-29 21:34:32 Step 11192/999999999998 | Loss: 0.9305 | MSE: 0.9262 | LPIPS: 0.3008 | KL: 0.0000 | KLw: 1.00 | LR: 2.50e-05 | W: 1.00/0.014/1e-02 | GPU: 15.1GB
2026-09-29 21:34:32 [ABD3D] 20:34:32 Fetching batch...
2026-09-29 21:34:32 [ABD3D] 20:34:32 Batch ready ✅
2026-09-29 21:34:32 [ABD3D] 20:34:32 Forward pass...
2026-09-29 21:34:32 [ABD3D] 20:34:32 Forward done ✅
2026-09-29 21:34:33 [ABD3D] 20:34:33 WandB logging...
2026-09-29 21:34:33 [ABD3D] 20:34:33 WandB done ✅
2026-09-29 21:34:33 Step 11193/999999999998 | Loss: 0.9305 | MSE: 0.9262 | LPIPS: 0.3009 | KL: 0.0000 | KLw: 1.00 | LR: 2.50e-05 | W: 1.00/0.014/1e-02 | GPU: 15.1GB
2026-09-29 21:34:33 [ABD3D] 20:34:33 Fetching batch...
2026-09-29 21:34:33 [ABD3D] 20:34:33 Batch ready ✅
2026-09-29 21:34:33 [ABD3D] 20:34:33 Forward pass...
2026-09-29 21:34:33 [ABD3D] 20:34:33 Forward done ✅
2026-09-29 21:34:34 [ABD3D] 20:34:34 WandB logging...
2026-09-29 21:34:34 [ABD3D] 20:34:34 WandB done ✅
2026-09-29 21:34:34 Step 11194/999999999998 | Loss: 0.9305 | MSE: 0.9262 | LPIPS: 0.3009 | KL: 0.0000 | KLw: 1.00 | LR: 2.50e-05 | W: 1.00/0.014/1e-02 | GPU: 15.1GB
2026-09-29 21:34:34 [ABD3D] 20:34:34 Fetching batch...
2026-09-29 21:34:34 [ABD3D] 20:34:34 Batch ready ✅
2026-09-29 21:34:34 [ABD3D] 20:34:34 Forward pass...
2026-09-29 21:34:34 [ABD3D] 20:34:34 Forward done ✅
2026-09-29 21:34:36 [ABD3D] 20:34:36 WandB logging...
2026-09-29 21:34:36 [ABD3D] 20:34:36 WandB done ✅
2026-09-29 21:34:36 Step 11195/999999999998 | Loss: 0.9305 | MSE: 0.9263 | LPIPS: 0.3008 | KL: 0.0000 | KLw: 1.00 | LR: 2.50e-05 | W: 1.00/0.014/1e-02 | GPU: 15.1GB
2026-09-29 21:34:36 [ABD3D] 20:34:36 Fetching batch...
2026-09-29 21:34:36 [ABD3D] 20:34:36 Batch ready ✅
2026-09-29 21:34:36 [ABD3D] 20:34:36 Forward pass...
2026-09-29 21:34:36 [ABD3D] 20:34:36 Forward done ✅
2026-09-29 21:34:37 [ABD3D] 20:34:37 WandB logging...
2026-09-29 21:34:37 [ABD3D] 20:34:37 WandB done ✅
2026-09-29 21:34:37 Step 11196/999999999998 | Loss: 0.7770 | MSE: 0.7716 | LPIPS: 0.3793 | KL: 0.0000 | KLw: 1.00 | LR: 2.50e-05 | W: 1.00/0.014/1e-02 | GPU: 15.1GB
2026-09-29 21:34:37 [ABD3D] 20:34:37 Fetching batch...
2026-09-29 21:34:37 [ABD3D] 20:34:37 Batch ready ✅
2026-09-29 21:34:37 [ABD3D] 20:34:37 Forward pass...
2026-09-29 21:34:37 [ABD3D] 20:34:37 Forward done ✅
2026-09-29 21:34:39 [ABD3D] 20:34:39 WandB logging...
2026-09-29 21:34:39 [ABD3D] 20:34:39 WandB done ✅
2026-09-29 21:34:39 Step 11197/999999999998 | Loss: 0.7770 | MSE: 0.7717 | LPIPS: 0.3792 | KL: 0.0000 | KLw: 1.00 | LR: 2.50e-05 | W: 1.00/0.014/1e-02 | GPU: 15.1GB
2026-09-29 21:34:39 [ABD3D] 20:34:39 Fetching batch...
2026-09-29 21:34:39 [ABD3D] 20:34:39 Batch ready ✅
2026-09-29 21:34:39 [ABD3D] 20:34:39 Forward pass...
2026-09-29 21:34:39 [ABD3D] 20:34:39 Forward done ✅
2026-09-29 21:34:40 [ABD3D] 20:34:40 WandB logging...
2026-09-29 21:34:40 [ABD3D] 20:34:40 WandB done ✅
2026-09-29 21:34:40 Step 11198/999999999998 | Loss: 0.7771 | MSE: 0.7717 | LPIPS: 0.3792 | KL: 0.0000 | KLw: 1.00 | LR: 2.50e-05 | W: 1.00/0.014/1e-02 | GPU: 15.1GB
2026-09-29 21:34:40 [ABD3D] 20:34:40 Fetching batch...
2026-09-29 21:34:40 [ABD3D] 20:34:40 Batch ready ✅
2026-09-29 21:34:40 [ABD3D] 20:34:40 Forward pass...
2026-09-29 21:34:40 [ABD3D] 20:34:40 Forward done ✅
2026-09-29 21:34:41 [ABD3D] 20:34:41 WandB logging...
2026-09-29 21:34:41 [ABD3D] 20:34:41 WandB done ✅
2026-09-29 21:34:41 Step 11199/999999999998 | Loss: 0.7771 | MSE: 0.7717 | LPIPS: 0.3792 | KL: 0.0000 | KLw: 1.00 | LR: 2.50e-05 | W: 1.00/0.014/1e-02 | GPU: 15.1GB
2026-09-29 21:34:41 [ABD3D] 20:34:41 Fetching batch...
2026-09-29 21:34:42 [ABD3D] 20:34:42 Batch ready ✅
2026-09-29 21:34:42 [ABD3D] 20:34:42 Forward pass...
2026-09-29 21:34:42 [ABD3D] 20:34:42 Forward done ✅
2026-09-29 21:34:43 [ABD3D] 20:34:43 WandB logging...
2026-09-29 21:34:43 [ABD3D] 20:34:43 WandB done ✅
2026-09-29 21:34:43 Step 11200/999999999998 | Loss: 0.7771 | MSE: 0.7717 | LPIPS: 0.3792 | KL: 0.0000 | KLw: 1.00 | LR: 2.50e-05 | W: 1.00/0.014/1e-02 | GPU: 15.1GB
2026-09-29 21:34:43 [ABD3D] 20:34:43 Fetching batch...
2026-09-29 21:34:43 [ABD3D] 20:34:43 Batch ready ✅
2026-09-29 21:34:43 [ABD3D] 20:34:43 Forward pass...
2026-09-29 21:34:43 [ABD3D] 20:34:43 Forward done ✅
2026-09-29 21:34:44 [ABD3D] 20:34:44 WandB logging...
2026-09-29 21:34:44 [ABD3D] 20:34:44 WandB done ✅
2026-09-29 21:34:44 Step 11201/999999999998 | Loss: 0.7770 | MSE: 0.7717 | LPIPS: 0.3792 | KL: 0.0000 | KLw: 1.00 | LR: 2.50e-05 | W: 1.00/0.014/1e-02 | GPU: 15.1GB
2026-09-29 21:34:44 [ABD3D] 20:34:44 Fetching batch...
2026-09-29 21:34:45 [ABD3D] 20:34:45 Batch ready ✅
2026-09-29 21:34:45 [ABD3D] 20:34:45 Forward pass...
2026-09-29 21:34:45 [ABD3D] 20:34:45 Forward done ✅
2026-09-29 21:34:46 [ABD3D] 20:34:46 WandB logging...
2026-09-29 21:34:46 [ABD3D] 20:34:46 WandB done ✅
2026-09-29 21:34:46 Step 11202/999999999998 | Loss: 0.6977 | MSE: 0.6917 | LPIPS: 0.4307 | KL: 0.0000 | KLw: 1.00 | LR: 2.50e-05 | W: 1.00/0.014/1e-02 | GPU: 15.1GB
2026-09-29 21:34:46 [ABD3D] 20:34:46 Fetching batch...
2026-09-29 21:34:46 [ABD3D] 20:34:46 Batch ready ✅
2026-09-29 21:34:46 [ABD3D] 20:34:46 Forward pass...
2026-09-29 21:34:46 [ABD3D] 20:34:46 Forward done ✅
2026-09-29 21:34:47 [ABD3D] 20:34:47 WandB logging...
2026-09-29 21:34:47 [ABD3D] 20:34:47 WandB done ✅
2026-09-29 21:34:47 Step 11203/999999999998 | Loss: 0.6977 | MSE: 0.6917 | LPIPS: 0.4306 | KL: 0.0000 | KLw: 1.00 | LR: 2.50e-05 | W: 1.00/0.014/1e-02 | GPU: 15.1GB
2026-09-29 21:34:47 [ABD3D] 20:34:47 Fetching batch...
2026-09-29 21:34:48 [ABD3D] 20:34:48 Batch ready ✅
2026-09-29 21:34:48 [ABD3D] 20:34:48 Forward pass...
2026-09-29 21:34:48 [ABD3D] 20:34:48 Forward done ✅
2026-09-29 21:34:49 [ABD3D] 20:34:49 WandB logging...
2026-09-29 21:34:49 [ABD3D] 20:34:49 WandB done ✅
2026-09-29 21:34:49 Step 11204/999999999998 | Loss: 0.6977 | MSE: 0.6917 | LPIPS: 0.4306 | KL: 0.0000 | KLw: 1.00 | LR: 2.50e-05 | W: 1.00/0.014/1e-02 | GPU: 15.1GB
2026-09-29 21:34:49 [ABD3D] 20:34:49 Fetching batch...
2026-09-29 21:34:49 [ABD3D] 20:34:49 Batch ready ✅
2026-09-29 21:34:49 [ABD3D] 20:34:49 Forward pass...
2026-09-29 21:34:49 [ABD3D] 20:34:49 Forward done ✅
2026-09-29 21:34:50 [ABD3D] 20:34:50 WandB logging...
2026-09-29 21:34:50 [ABD3D] 20:34:50 WandB done ✅
2026-09-29 21:34:50 Step 11205/999999999998 | Loss: 0.6977 | MSE: 0.6917 | LPIPS: 0.4306 | KL: 0.0000 | KLw: 1.00 | LR: 2.50e-05 | W: 1.00/0.014/1e-02 | GPU: 15.1GB
2026-09-29 21:34:50 [ABD3D] 20:34:50 Fetching batch...
2026-09-29 21:34:50 [ABD3D] 20:34:50 Batch ready ✅
2026-09-29 21:34:50 [ABD3D] 20:34:50 Forward pass...
2026-09-29 21:34:50 [ABD3D] 20:34:50 Forward done ✅
2026-09-29 21:34:52 [ABD3D] 20:34:52 WandB logging...
2026-09-29 21:34:52 [ABD3D] 20:34:52 WandB done ✅
2026-09-29 21:34:52 Step 11206/999999999998 | Loss: 0.6977 | MSE: 0.6917 | LPIPS: 0.4306 | KL: 0.0000 | KLw: 1.00 | LR: 2.50e-05 | W: 1.00/0.014/1e-02 | GPU: 15.1GB
2026-09-29 21:34:52 [ABD3D] 20:34:52 Fetching batch...
2026-09-29 21:34:52 [ABD3D] 20:34:52 Batch ready ✅
2026-09-29 21:34:52 [ABD3D] 20:34:52 Forward pass...
2026-09-29 21:34:52 [ABD3D] 20:34:52 Forward done ✅
2026-09-29 21:34:53 [ABD3D] 20:34:53 WandB logging...
2026-09-29 21:34:53 [ABD3D] 20:34:53 WandB done ✅
2026-09-29 21:34:53 Step 11207/999999999998 | Loss: 0.6977 | MSE: 0.6917 | LPIPS: 0.4307 | KL: 0.0000 | KLw: 1.00 | LR: 2.50e-05 | W: 1.00/0.014/1e-02 | GPU: 15.1GB
2026-09-29 21:34:53 [ABD3D] 20:34:53 Fetching batch...
2026-09-29 21:34:53 [ABD3D] 20:34:53 Batch ready ✅
2026-09-29 21:34:53 [ABD3D] 20:34:53 Forward pass...
2026-09-29 21:34:53 [ABD3D] 20:34:53 Forward done ✅
2026-09-29 21:34:55 [ABD3D] 20:34:55 WandB logging...
2026-09-29 21:34:55 [ABD3D] 20:34:55 WandB done ✅
2026-09-29 21:34:55 Step 11208/999999999998 | Loss: 0.6738 | MSE: 0.6675 | LPIPS: 0.4518 | KL: 0.0000 | KLw: 1.00 | LR: 2.50e-05 | W: 1.00/0.014/1e-02 | GPU: 15.1GB
2026-09-29 21:34:55 [ABD3D] 20:34:55 Fetching batch...
2026-09-29 21:34:55 [ABD3D] 20:34:55 Batch ready ✅
2026-09-29 21:34:55 [ABD3D] 20:34:55 Forward pass...
2026-09-29 21:34:55 [ABD3D] 20:34:55 Forward done ✅
2026-09-29 21:34:56 [ABD3D] 20:34:56 WandB logging...
2026-09-29 21:34:56 [ABD3D] 20:34:56 WandB done ✅
2026-09-29 21:34:56 Step 11209/999999999998 | Loss: 0.6738 | MSE: 0.6675 | LPIPS: 0.4518 | KL: 0.0000 | KLw: 1.00 | LR: 2.50e-05 | W: 1.00/0.014/1e-02 | GPU: 15.1GB
2026-09-29 21:34:56 [ABD3D] 20:34:56 Fetching batch...
2026-09-29 21:34:56 [ABD3D] 20:34:56 Batch ready ✅
2026-09-29 21:34:56 [ABD3D] 20:34:56 Forward pass...
2026-09-29 21:34:56 [ABD3D] 20:34:56 Forward done ✅
2026-09-29 21:34:57 [ABD3D] 20:34:57 WandB logging...
2026-09-29 21:34:57 [ABD3D] 20:34:57 WandB done ✅
2026-09-29 21:34:57 Step 11210/999999999998 | Loss: 0.6738 | MSE: 0.6675 | LPIPS: 0.4518 | KL: 0.0000 | KLw: 1.00 | LR: 2.50e-05 | W: 1.00/0.014/1e-02 | GPU: 15.1GB
2026-09-29 21:34:57 [ABD3D] 20:34:57 Fetching batch...
2026-09-29 21:34:58 [ABD3D] 20:34:58 Batch ready ✅
2026-09-29 21:34:58 [ABD3D] 20:34:58 Forward pass...
2026-09-29 21:34:58 [ABD3D] 20:34:58 Forward done ✅
2026-09-29 21:34:59 [ABD3D] 20:34:59 WandB logging...
2026-09-29 21:34:59 [ABD3D] 20:34:59 WandB done ✅
2026-09-29 21:34:59 Step 11211/999999999998 | Loss: 0.6738 | MSE: 0.6675 | LPIPS: 0.4518 | KL: 0.0000 | KLw: 1.00 | LR: 2.50e-05 | W: 1.00/0.014/1e-02 | GPU: 15.1GB
2026-09-29 21:34:59 [ABD3D] 20:34:59 Fetching batch...
2026-09-29 21:34:59 [ABD3D] 20:34:59 Batch ready ✅
2026-09-29 21:34:59 [ABD3D] 20:34:59 Forward pass...
2026-09-29 21:34:59 [ABD3D] 20:34:59 Forward done ✅
2026-09-29 21:35:00 [ABD3D] 20:35:00 WandB logging...
2026-09-29 21:35:00 [ABD3D] 20:35:00 WandB done ✅
2026-09-29 21:35:00 Step 11212/999999999998 | Loss: 0.6738 | MSE: 0.6675 | LPIPS: 0.4518 | KL: 0.0000 | KLw: 1.00 | LR: 2.50e-05 | W: 1.00/0.014/1e-02 | GPU: 15.1GB
2026-09-29 21:35:00 [ABD3D] 20:35:00 Fetching batch...
2026-09-29 21:35:00 [ABD3D] 20:35:00 Batch ready ✅
2026-09-29 21:35:00 [ABD3D] 20:35:00 Forward pass...
2026-09-29 21:35:00 [ABD3D] 20:35:00 Forward done ✅
2026-09-29 21:35:02 [ABD3D] 20:35:02 WandB logging...
2026-09-29 21:35:02 [ABD3D] 20:35:02 WandB done ✅
2026-09-29 21:35:02 Step 11213/999999999998 | Loss: 0.6738 | MSE: 0.6675 | LPIPS: 0.4518 | KL: 0.0000 | KLw: 1.00 | LR: 2.50e-05 | W: 1.00/0.014/1e-02 | GPU: 15.1GB
2026-09-29 21:35:02 [ABD3D] 20:35:02 Fetching batch...
2026-09-29 21:35:02 [ABD3D] Yielded 192 samples from shard ✅
2026-09-29 21:35:02 [ABD3D] Deleted shard dome_objaverse/0/13412.parquet ✅
2026-09-29 21:35:02 [ABD3D] Advanced to shard 480/83296
2026-09-29 21:35:02 [ABD3D] Shard done → next shard (step 11214)
2026-09-29 21:35:02 [ABD3D] Loaded 83296 shards from local cache ✅
2026-09-29 21:35:02 [ABD3D] 20:35:02 Fetching batch...
2026-09-29 21:35:02 [ABD3D] Loading shard 480/83296: dome_objaverse/0/13418.parquet
2026-09-29 21:35:02 [ABD3D] Downloading: dome_objaverse/0/13418.parquet (attempt 1/5)
2026-09-29 21:35:03 [ABD3D] Downloaded 10.2MB ✅
2026-09-29 21:35:04 [ABD3D] Decoded rows 32/48; valid views buffered: 32
2026-09-29 21:35:04 [ABD3D] 20:35:04 Batch ready ✅
2026-09-29 21:35:04 [ABD3D] 20:35:04 Forward pass...
2026-09-29 21:35:04 [ABD3D] 20:35:04 Forward done ✅
2026-09-29 21:35:05 [ABD3D] 20:35:05 WandB logging...
2026-09-29 21:35:05 [ABD3D] 20:35:05 WandB done ✅
2026-09-29 21:35:05 Step 11214/999999999998 | Loss: 0.9088 | MSE: 0.9045 | LPIPS: 0.3018 | KL: 0.0000 | KLw: 1.00 | LR: 2.50e-05 | W: 1.00/0.014/1e-02 | GPU: 15.1GB
2026-09-29 21:35:05 [ABD3D] 20:35:05 Fetching batch...
2026-09-29 21:35:05 [ABD3D] 20:35:05 Batch ready ✅
2026-09-29 21:35:05 [ABD3D] 20:35:05 Forward pass...
2026-09-29 21:35:05 [ABD3D] 20:35:05 Forward done ✅
2026-09-29 21:35:06 [ABD3D] 20:35:06 WandB logging...
2026-09-29 21:35:06 [ABD3D] 20:35:06 WandB done ✅
2026-09-29 21:35:06 Step 11215/999999999998 | Loss: 0.9071 | MSE: 0.9028 | LPIPS: 0.3028 | KL: 0.0000 | KLw: 1.00 | LR: 2.50e-05 | W: 1.00/0.014/1e-02 | GPU: 15.1GB
2026-09-29 21:35:06 [ABD3D] 20:35:06 Fetching batch...
2026-09-29 21:35:07 [ABD3D] 20:35:06 Batch ready ✅
2026-09-29 21:35:07 [ABD3D] 20:35:07 Forward pass...
2026-09-29 21:35:07 [ABD3D] 20:35:07 Forward done ✅
2026-09-29 21:35:08 [ABD3D] 20:35:08 WandB logging...
2026-09-29 21:35:08 [ABD3D] 20:35:08 WandB done ✅
2026-09-29 21:35:08 Step 11216/999999999998 | Loss: 0.9101 | MSE: 0.9059 | LPIPS: 0.3007 | KL: 0.0000 | KLw: 1.00 | LR: 2.50e-05 | W: 1.00/0.014/1e-02 | GPU: 15.1GB
2026-09-29 21:35:08 [ABD3D] 20:35:08 Fetching batch...
2026-09-29 21:35:08 [ABD3D] 20:35:08 Batch ready ✅
2026-09-29 21:35:08 [ABD3D] 20:35:08 Forward pass...
2026-09-29 21:35:08 [ABD3D] 20:35:08 Forward done ✅
2026-09-29 21:35:09 [ABD3D] 20:35:09 WandB logging...
2026-09-29 21:35:09 [ABD3D] 20:35:09 WandB done ✅
2026-09-29 21:35:09 Step 11217/999999999998 | Loss: 0.9104 | MSE: 0.9062 | LPIPS: 0.3002 | KL: 0.0000 | KLw: 1.00 | LR: 2.50e-05 | W: 1.00/0.014/1e-02 | GPU: 15.1GB
2026-09-29 21:35:09 [ABD3D] 20:35:09 Fetching batch...
2026-09-29 21:35:09 [ABD3D] 20:35:09 Batch ready ✅
2026-09-29 21:35:09 [ABD3D] 20:35:09 Forward pass...
2026-09-29 21:35:09 [ABD3D] 20:35:09 Forward done ✅
2026-09-29 21:35:11 [ABD3D] 20:35:11 WandB logging...
2026-09-29 21:35:11 [ABD3D] 20:35:11 WandB done ✅
2026-09-29 21:35:11 Step 11218/999999999998 | Loss: 0.9101 | MSE: 0.9058 | LPIPS: 0.3002 | KL: 0.0000 | KLw: 1.00 | LR: 2.50e-05 | W: 1.00/0.014/1e-02 | GPU: 15.1GB
2026-09-29 21:35:11 [ABD3D] 20:35:11 Fetching batch...
2026-09-29 21:35:11 [ABD3D] 20:35:11 Batch ready ✅
2026-09-29 21:35:11 [ABD3D] 20:35:11 Forward pass...
2026-09-29 21:35:11 [ABD3D] 20:35:11 Forward done ✅
2026-09-29 21:35:12 [ABD3D] 20:35:12 WandB logging...
2026-09-29 21:35:12 [ABD3D] 20:35:12 WandB done ✅
2026-09-29 21:35:12 Step 11219/999999999998 | Loss: 0.9103 | MSE: 0.9061 | LPIPS: 0.3007 | KL: 0.0000 | KLw: 1.00 | LR: 2.50e-05 | W: 1.00/0.014/1e-02 | GPU: 15.1GB
2026-09-29 21:35:12 [ABD3D] 20:35:12 Fetching batch...
2026-09-29 21:35:12 [ABD3D] 20:35:12 Batch ready ✅
2026-09-29 21:35:12 [ABD3D] 20:35:12 Forward pass...
2026-09-29 21:35:12 [ABD3D] 20:35:12 Forward done ✅
2026-09-29 21:35:13 [ABD3D] 20:35:13 WandB logging...
2026-09-29 21:35:13 [ABD3D] 20:35:13 WandB done ✅
2026-09-29 21:35:13 Step 11220/999999999998 | Loss: 0.9089 | MSE: 0.9047 | LPIPS: 0.2999 | KL: 0.0000 | KLw: 1.00 | LR: 2.50e-05 | W: 1.00/0.014/1e-02 | GPU: 15.1GB
2026-09-29 21:35:13 [ABD3D] 20:35:13 Fetching batch...
2026-09-29 21:35:13 [ABD3D] 20:35:13 Batch ready ✅
2026-09-29 21:35:13 [ABD3D] 20:35:13 Forward pass...
2026-09-29 21:35:13 [ABD3D] 20:35:13 Forward done ✅
2026-09-29 21:35:15 [ABD3D] 20:35:15 WandB logging...
2026-09-29 21:35:15 [ABD3D] 20:35:15 WandB done ✅
2026-09-29 21:35:15 Step 11221/999999999998 | Loss: 0.9096 | MSE: 0.9054 | LPIPS: 0.2996 | KL: 0.0000 | KLw: 1.00 | LR: 2.50e-05 | W: 1.00/0.014/1e-02 | GPU: 15.1GB
2026-09-29 21:35:15 [ABD3D] 20:35:15 Fetching batch...
2026-09-29 21:35:15 [ABD3D] 20:35:15 Batch ready ✅
2026-09-29 21:35:15 [ABD3D] 20:35:15 Forward pass...
2026-09-29 21:35:15 [ABD3D] 20:35:15 Forward done ✅
2026-09-29 21:35:16 [ABD3D] 20:35:16 WandB logging...
2026-09-29 21:35:16 [ABD3D] 20:35:16 WandB done ✅
2026-09-29 21:35:16 Step 11222/999999999998 | Loss: 0.9100 | MSE: 0.9058 | LPIPS: 0.2991 | KL: 0.0000 | KLw: 1.00 | LR: 2.50e-05 | W: 1.00/0.014/1e-02 | GPU: 15.1GB
2026-09-29 21:35:16 [ABD3D] 20:35:16 Fetching batch...
2026-09-29 21:35:16 [ABD3D] 20:35:16 Batch ready ✅
2026-09-29 21:35:16 [ABD3D] 20:35:16 Forward pass...
2026-09-29 21:35:16 [ABD3D] 20:35:16 Forward done ✅
2026-09-29 21:35:18 [ABD3D] 20:35:18 WandB logging...
2026-09-29 21:35:18 [ABD3D] 20:35:18 WandB done ✅
2026-09-29 21:35:18 Step 11223/999999999998 | Loss: 0.9099 | MSE: 0.9057 | LPIPS: 0.2991 | KL: 0.0000 | KLw: 1.00 | LR: 2.50e-05 | W: 1.00/0.014/1e-02 | GPU: 15.1GB
2026-09-29 21:35:18 [ABD3D] 20:35:18 Fetching batch...
2026-09-29 21:35:18 [ABD3D] 20:35:18 Batch ready ✅
2026-09-29 21:35:18 [ABD3D] 20:35:18 Forward pass...
2026-09-29 21:35:18 [ABD3D] 20:35:18 Forward done ✅
2026-09-29 21:35:19 [ABD3D] 20:35:19 WandB logging...
2026-09-29 21:35:19 [ABD3D] 20:35:19 WandB done ✅
2026-09-29 21:35:19 Step 11224/999999999998 | Loss: 0.9108 | MSE: 0.9066 | LPIPS: 0.2987 | KL: 0.0000 | KLw: 1.00 | LR: 2.50e-05 | W: 1.00/0.014/1e-02 | GPU: 15.1GB
2026-09-29 21:35:19 [ABD3D] 20:35:19 Fetching batch...
2026-09-29 21:35:19 [ABD3D] 20:35:19 Batch ready ✅
2026-09-29 21:35:19 [ABD3D] 20:35:19 Forward pass...
2026-09-29 21:35:19 [ABD3D] 20:35:19 Forward done ✅
2026-09-29 21:35:20 [ABD3D] 20:35:20 WandB logging...
2026-09-29 21:35:20 [ABD3D] 20:35:20 WandB done ✅
2026-09-29 21:35:20 Step 11225/999999999998 | Loss: 0.9102 | MSE: 0.9060 | LPIPS: 0.2995 | KL: 0.0000 | KLw: 1.00 | LR: 2.50e-05 | W: 1.00/0.014/1e-02 | GPU: 15.1GB
2026-09-29 21:35:20 [ABD3D] 20:35:20 Fetching batch...
2026-09-29 21:35:21 [ABD3D] 20:35:21 Batch ready ✅
2026-09-29 21:35:21 [ABD3D] 20:35:21 Forward pass...
2026-09-29 21:35:21 [ABD3D] 20:35:21 Forward done ✅
2026-09-29 21:35:22 [ABD3D] 20:35:22 WandB logging...
2026-09-29 21:35:22 [ABD3D] 20:35:22 WandB done ✅
2026-09-29 21:35:22 Step 11226/999999999998 | Loss: 0.9238 | MSE: 0.9197 | LPIPS: 0.2873 | KL: 0.0000 | KLw: 1.00 | LR: 2.50e-05 | W: 1.00/0.014/1e-02 | GPU: 15.1GB
2026-09-29 21:35:22 [ABD3D] 20:35:22 Fetching batch...
2026-09-29 21:35:22 [ABD3D] 20:35:22 Batch ready ✅
2026-09-29 21:35:22 [ABD3D] 20:35:22 Forward pass...
2026-09-29 21:35:22 [ABD3D] 20:35:22 Forward done ✅
2026-09-29 21:35:23 [ABD3D] 20:35:23 WandB logging...
2026-09-29 21:35:23 [ABD3D] 20:35:23 WandB done ✅
2026-09-29 21:35:23 Step 11227/999999999998 | Loss: 0.9241 | MSE: 0.9201 | LPIPS: 0.2867 | KL: 0.0000 | KLw: 1.00 | LR: 2.50e-05 | W: 1.00/0.014/1e-02 | GPU: 15.1GB
2026-09-29 21:35:23 [ABD3D] 20:35:23 Fetching batch...
2026-09-29 21:35:24 [ABD3D] 20:35:24 Batch ready ✅
2026-09-29 21:35:24 [ABD3D] 20:35:24 Forward pass...
2026-09-29 21:35:24 [ABD3D] 20:35:24 Forward done ✅
2026-09-29 21:35:25 [ABD3D] 20:35:25 WandB logging...
2026-09-29 21:35:25 [ABD3D] 20:35:25 WandB done ✅
2026-09-29 21:35:25 Step 11228/999999999998 | Loss: 0.9240 | MSE: 0.9200 | LPIPS: 0.2865 | KL: 0.0000 | KLw: 1.00 | LR: 2.50e-05 | W: 1.00/0.014/1e-02 | GPU: 15.1GB
2026-09-29 21:35:25 [ABD3D] 20:35:25 Fetching batch...
2026-09-29 21:35:25 [ABD3D] 20:35:25 Batch ready ✅
2026-09-29 21:35:25 [ABD3D] 20:35:25 Forward pass...
2026-09-29 21:35:25 [ABD3D] 20:35:25 Forward done ✅
2026-09-29 21:35:26 [ABD3D] 20:35:26 WandB logging...
2026-09-29 21:35:26 [ABD3D] 20:35:26 WandB done ✅
2026-09-29 21:35:26 Step 11229/999999999998 | Loss: 0.9254 | MSE: 0.9213 | LPIPS: 0.2858 | KL: 0.0000 | KLw: 1.00 | LR: 2.50e-05 | W: 1.00/0.014/1e-02 | GPU: 15.1GB
2026-09-29 21:35:26 [ABD3D] 20:35:26 Fetching batch...
2026-09-29 21:35:26 [ABD3D] 20:35:26 Batch ready ✅
2026-09-29 21:35:26 [ABD3D] 20:35:26 Forward pass...
2026-09-29 21:35:26 [ABD3D] 20:35:26 Forward done ✅
2026-09-29 21:35:28 [ABD3D] 20:35:28 WandB logging...
2026-09-29 21:35:28 [ABD3D] 20:35:28 WandB done ✅
2026-09-29 21:35:28 Step 11230/999999999998 | Loss: 0.9242 | MSE: 0.9201 | LPIPS: 0.2866 | KL: 0.0000 | KLw: 1.00 | LR: 2.50e-05 | W: 1.00/0.014/1e-02 | GPU: 15.1GB
2026-09-29 21:35:28 [ABD3D] 20:35:28 Fetching batch...
2026-09-29 21:35:28 [ABD3D] 20:35:28 Batch ready ✅
2026-09-29 21:35:28 [ABD3D] 20:35:28 Forward pass...
2026-09-29 21:35:28 [ABD3D] 20:35:28 Forward done ✅
2026-09-29 21:35:29 [ABD3D] 20:35:29 WandB logging...
2026-09-29 21:35:29 [ABD3D] 20:35:29 WandB done ✅
2026-09-29 21:35:29 Step 11231/999999999998 | Loss: 0.9226 | MSE: 0.9185 | LPIPS: 0.2875 | KL: 0.0000 | KLw: 1.00 | LR: 2.50e-05 | W: 1.00/0.014/1e-02 | GPU: 15.1GB
2026-09-29 21:35:29 [ABD3D] 20:35:29 Fetching batch...
2026-09-29 21:35:29 [ABD3D] 20:35:29 Batch ready ✅
2026-09-29 21:35:29 [ABD3D] 20:35:29 Forward pass...
2026-09-29 21:35:29 [ABD3D] 20:35:29 Forward done ✅
2026-09-29 21:35:30 [ABD3D] 20:35:30 WandB logging...
2026-09-29 21:35:30 [ABD3D] 20:35:30 WandB done ✅
2026-09-29 21:35:30 Step 11232/999999999998 | Loss: 0.9401 | MSE: 0.9362 | LPIPS: 0.2756 | KL: 0.0000 | KLw: 1.00 | LR: 2.50e-05 | W: 1.00/0.014/1e-02 | GPU: 15.1GB
2026-09-29 21:35:30 [ABD3D] 20:35:30 Fetching batch...
2026-09-29 21:35:31 [ABD3D] 20:35:31 Batch ready ✅
2026-09-29 21:35:31 [ABD3D] 20:35:31 Forward pass...
2026-09-29 21:35:31 [ABD3D] 20:35:31 Forward done ✅
2026-09-29 21:35:32 [ABD3D] 20:35:32 WandB logging...
2026-09-29 21:35:32 [ABD3D] 20:35:32 WandB done ✅
2026-09-29 21:35:32 Step 11233/999999999998 | Loss: 0.9401 | MSE: 0.9362 | LPIPS: 0.2753 | KL: 0.0000 | KLw: 1.00 | LR: 2.50e-05 | W: 1.00/0.014/1e-02 | GPU: 15.1GB
2026-09-29 21:35:32 [ABD3D] 20:35:32 Fetching batch...
2026-09-29 21:35:32 [ABD3D] 20:35:32 Batch ready ✅
2026-09-29 21:35:32 [ABD3D] 20:35:32 Forward pass...
2026-09-29 21:35:32 [ABD3D] 20:35:32 Forward done ✅
2026-09-29 21:35:33 [ABD3D] 20:35:33 WandB logging...
2026-09-29 21:35:33 [ABD3D] 20:35:33 WandB done ✅
2026-09-29 21:35:33 Step 11234/999999999998 | Loss: 0.9401 | MSE: 0.9362 | LPIPS: 0.2754 | KL: 0.0000 | KLw: 1.00 | LR: 2.50e-05 | W: 1.00/0.014/1e-02 | GPU: 15.1GB
2026-09-29 21:35:33 [ABD3D] 20:35:33 Fetching batch...
2026-09-29 21:35:33 [ABD3D] 20:35:33 Batch ready ✅
2026-09-29 21:35:33 [ABD3D] 20:35:33 Forward pass...
2026-09-29 21:35:33 [ABD3D] 20:35:33 Forward done ✅
2026-09-29 21:35:35 [ABD3D] 20:35:35 WandB logging...
2026-09-29 21:35:35 [ABD3D] 20:35:35 WandB done ✅
2026-09-29 21:35:35 Step 11235/999999999998 | Loss: 0.9401 | MSE: 0.9362 | LPIPS: 0.2754 | KL: 0.0000 | KLw: 1.00 | LR: 2.50e-05 | W: 1.00/0.014/1e-02 | GPU: 15.1GB
2026-09-29 21:35:35 [ABD3D] 20:35:35 Fetching batch...
2026-09-29 21:35:35 [ABD3D] 20:35:35 Batch ready ✅
2026-09-29 21:35:35 [ABD3D] 20:35:35 Forward pass...
2026-09-29 21:35:35 [ABD3D] 20:35:35 Forward done ✅
2026-09-29 21:35:36 [ABD3D] 20:35:36 WandB logging...
2026-09-29 21:35:36 [ABD3D] 20:35:36 WandB done ✅
2026-09-29 21:35:36 Step 11236/999999999998 | Loss: 0.9401 | MSE: 0.9362 | LPIPS: 0.2753 | KL: 0.0000 | KLw: 1.00 | LR: 2.50e-05 | W: 1.00/0.014/1e-02 | GPU: 15.1GB
2026-09-29 21:35:36 [ABD3D] 20:35:36 Fetching batch...
2026-09-29 21:35:36 [ABD3D] 20:35:36 Batch ready ✅
2026-09-29 21:35:36 [ABD3D] 20:35:36 Forward pass...
2026-09-29 21:35:36 [ABD3D] 20:35:36 Forward done ✅
2026-09-29 21:35:37 [ABD3D] 20:35:37 WandB logging...
2026-09-29 21:35:37 [ABD3D] 20:35:37 WandB done ✅
2026-09-29 21:35:37 Step 11237/999999999998 | Loss: 0.9401 | MSE: 0.9362 | LPIPS: 0.2753 | KL: 0.0000 | KLw: 1.00 | LR: 2.50e-05 | W: 1.00/0.014/1e-02 | GPU: 15.1GB
2026-09-29 21:35:37 [ABD3D] 20:35:37 Fetching batch...
2026-09-29 21:35:37 [ABD3D] Yielded 192 samples from shard ✅
2026-09-29 21:35:37 [ABD3D] Deleted shard dome_objaverse/0/13418.parquet ✅
2026-09-29 21:35:37 [ABD3D] Advanced to shard 481/83296
2026-09-29 21:35:37 [ABD3D] Shard done → next shard (step 11238)
2026-09-29 21:35:37 [ABD3D] Loaded 83296 shards from local cache ✅
2026-09-29 21:35:37 [ABD3D] 20:35:37 Fetching batch...
2026-09-29 21:35:37 [ABD3D] Loading shard 481/83296: dome_objaverse/0/13426.parquet
2026-09-29 21:35:37 [ABD3D] Downloading: dome_objaverse/0/13426.parquet (attempt 1/5)
2026-09-29 21:35:38 [ABD3D] Downloaded 17.0MB ✅
2026-09-29 21:35:39 [ABD3D] Decoded rows 32/48; valid views buffered: 32
2026-09-29 21:35:39 [ABD3D] 20:35:39 Batch ready ✅
2026-09-29 21:35:39 [ABD3D] 20:35:39 Forward pass...
2026-09-29 21:35:39 [ABD3D] 20:35:39 Forward done ✅
2026-09-29 21:35:40 [ABD3D] 20:35:40 WandB logging...
2026-09-29 21:35:40 [ABD3D] 20:35:40 WandB done ✅
2026-09-29 21:35:40 Step 11238/999999999998 | Loss: 0.9166 | MSE: 0.9124 | LPIPS: 0.2966 | KL: 0.0000 | KLw: 1.00 | LR: 2.50e-05 | W: 1.00/0.014/1e-02 | GPU: 15.1GB
2026-09-29 21:35:40 [ABD3D] 20:35:40 Fetching batch...
2026-09-29 21:35:40 [ABD3D] 20:35:40 Batch ready ✅
2026-09-29 21:35:40 [ABD3D] 20:35:40 Forward pass...
2026-09-29 21:35:40 [ABD3D] 20:35:40 Forward done ✅
2026-09-29 21:35:42 [ABD3D] 20:35:42 WandB logging...
2026-09-29 21:35:42 [ABD3D] 20:35:42 WandB done ✅
2026-09-29 21:35:42 Step 11239/999999999998 | Loss: 0.9164 | MSE: 0.9122 | LPIPS: 0.2970 | KL: 0.0000 | KLw: 1.00 | LR: 2.50e-05 | W: 1.00/0.014/1e-02 | GPU: 15.1GB
2026-09-29 21:35:42 [ABD3D] 20:35:42 Fetching batch...
2026-09-29 21:35:42 [ABD3D] 20:35:42 Batch ready ✅
2026-09-29 21:35:42 [ABD3D] 20:35:42 Forward pass...
2026-09-29 21:35:42 [ABD3D] 20:35:42 Forward done ✅
2026-09-29 21:35:43 [ABD3D] 20:35:43 WandB logging...
2026-09-29 21:35:43 [ABD3D] 20:35:43 WandB done ✅
2026-09-29 21:35:43 Step 11240/999999999998 | Loss: 0.9167 | MSE: 0.9125 | LPIPS: 0.2965 | KL: 0.0000 | KLw: 1.00 | LR: 2.50e-05 | W: 1.00/0.014/1e-02 | GPU: 15.1GB
2026-09-29 21:35:43 [ABD3D] 20:35:43 Fetching batch...
2026-09-29 21:35:43 [ABD3D] 20:35:43 Batch ready ✅
2026-09-29 21:35:43 [ABD3D] 20:35:43 Forward pass...
2026-09-29 21:35:43 [ABD3D] 20:35:43 Forward done ✅
2026-09-29 21:35:44 [ABD3D] 20:35:44 WandB logging...
2026-09-29 21:35:44 [ABD3D] 20:35:44 WandB done ✅
2026-09-29 21:35:44 Step 11241/999999999998 | Loss: 0.9167 | MSE: 0.9125 | LPIPS: 0.2965 | KL: 0.0000 | KLw: 1.00 | LR: 2.50e-05 | W: 1.00/0.014/1e-02 | GPU: 15.1GB
2026-09-29 21:35:44 [ABD3D] 20:35:44 Fetching batch...
2026-09-29 21:35:45 [ABD3D] 20:35:45 Batch ready ✅
2026-09-29 21:35:45 [ABD3D] 20:35:45 Forward pass...
2026-09-29 21:35:45 [ABD3D] 20:35:45 Forward done ✅
2026-09-29 21:35:46 [ABD3D] 20:35:46 WandB logging...
2026-09-29 21:35:46 [ABD3D] 20:35:46 WandB done ✅
2026-09-29 21:35:46 Step 11242/999999999998 | Loss: 0.9167 | MSE: 0.9125 | LPIPS: 0.2966 | KL: 0.0000 | KLw: 1.00 | LR: 2.50e-05 | W: 1.00/0.014/1e-02 | GPU: 15.1GB
2026-09-29 21:35:46 [ABD3D] 20:35:46 Fetching batch...
2026-09-29 21:35:46 [ABD3D] 20:35:46 Batch ready ✅
2026-09-29 21:35:46 [ABD3D] 20:35:46 Forward pass...
2026-09-29 21:35:46 [ABD3D] 20:35:46 Forward done ✅
2026-09-29 21:35:47 [ABD3D] 20:35:47 WandB logging...
2026-09-29 21:35:47 [ABD3D] 20:35:47 WandB done ✅
2026-09-29 21:35:47 Step 11243/999999999998 | Loss: 0.9164 | MSE: 0.9123 | LPIPS: 0.2969 | KL: 0.0000 | KLw: 1.00 | LR: 2.50e-05 | W: 1.00/0.014/1e-02 | GPU: 15.1GB
2026-09-29 21:35:47 [ABD3D] 20:35:47 Fetching batch...
2026-09-29 21:35:47 [ABD3D] 20:35:47 Batch ready ✅
2026-09-29 21:35:47 [ABD3D] 20:35:47 Forward pass...
2026-09-29 21:35:47 [ABD3D] 20:35:47 Forward done ✅
2026-09-29 21:35:49 [ABD3D] 20:35:49 WandB logging...
2026-09-29 21:35:49 [ABD3D] 20:35:49 WandB done ✅
2026-09-29 21:35:49 Step 11244/999999999998 | Loss: 0.8791 | MSE: 0.8745 | LPIPS: 0.3208 | KL: 0.0000 | KLw: 1.00 | LR: 2.50e-05 | W: 1.00/0.014/1e-02 | GPU: 15.1GB
2026-09-29 21:35:49 [ABD3D] 20:35:49 Fetching batch...
2026-09-29 21:35:49 [ABD3D] 20:35:49 Batch ready ✅
2026-09-29 21:35:49 [ABD3D] 20:35:49 Forward pass...
2026-09-29 21:35:49 [ABD3D] 20:35:49 Forward done ✅
2026-09-29 21:35:50 [ABD3D] 20:35:50 Saving checkpoint...
2026-09-29 21:35:52 [ABD3D] Checkpoint saved: step_11246.pt ✅
2026-09-29 21:35:52 [ABD3D] Backed up to permanent storage ✅
2026-09-29 21:35:53 [ABD3D] 20:35:53 Checkpoint done ✅
2026-09-29 21:35:53 [ABD3D] 20:35:53 WandB logging...
2026-09-29 21:35:53 [ABD3D] 20:35:53 WandB done ✅
2026-09-29 21:35:53 Step 11245/999999999998 | Loss: 0.8794 | MSE: 0.8749 | LPIPS: 0.3203 | KL: 0.0000 | KLw: 1.00 | LR: 2.50e-05 | W: 1.00/0.014/1e-02 | GPU: 15.1GB
2026-09-29 21:35:53 [ABD3D] 20:35:53 Fetching batch...
2026-09-29 21:35:53 [ABD3D] 20:35:53 Batch ready ✅
2026-09-29 21:35:53 [ABD3D] 20:35:53 Forward pass...
2026-09-29 21:35:53 [ABD3D] 20:35:53 Forward done ✅
2026-09-29 21:35:54 [ABD3D] 20:35:54 WandB logging...
2026-09-29 21:35:54 [ABD3D] 20:35:54 WandB done ✅
2026-09-29 21:35:54 Step 11246/999999999998 | Loss: 0.8793 | MSE: 0.8748 | LPIPS: 0.3205 | KL: 0.0000 | KLw: 1.00 | LR: 2.50e-05 | W: 1.00/0.014/1e-02 | GPU: 15.1GB
2026-09-29 21:35:54 [ABD3D] 20:35:54 Fetching batch...
2026-09-29 21:35:54 [ABD3D] 20:35:54 Batch ready ✅
2026-09-29 21:35:54 [ABD3D] 20:35:54 Forward pass...
2026-09-29 21:35:54 [ABD3D] 20:35:54 Forward done ✅
2026-09-29 21:35:55 [ABD3D] 20:35:55 WandB logging...
2026-09-29 21:35:55 [ABD3D] 20:35:55 WandB done ✅
2026-09-29 21:35:55 Step 11247/999999999998 | Loss: 0.8792 | MSE: 0.8746 | LPIPS: 0.3209 | KL: 0.0000 | KLw: 1.00 | LR: 2.50e-05 | W: 1.00/0.014/1e-02 | GPU: 15.1GB
2026-09-29 21:35:55 [ABD3D] 20:35:55 Fetching batch...
2026-09-29 21:35:55 [ABD3D] 20:35:55 Batch ready ✅
2026-09-29 21:35:55 [ABD3D] 20:35:55 Forward pass...
2026-09-29 21:35:55 [ABD3D] 20:35:55 Forward done ✅
2026-09-29 21:35:57 [ABD3D] 20:35:57 WandB logging...
2026-09-29 21:35:57 [ABD3D] 20:35:57 WandB done ✅
2026-09-29 21:35:57 Step 11248/999999999998 | Loss: 0.8793 | MSE: 0.8748 | LPIPS: 0.3207 | KL: 0.0000 | KLw: 1.00 | LR: 2.50e-05 | W: 1.00/0.014/1e-02 | GPU: 15.1GB
2026-09-29 21:35:57 [ABD3D] 20:35:57 Fetching batch...
2026-09-29 21:35:57 [ABD3D] 20:35:57 Batch ready ✅
2026-09-29 21:35:57 [ABD3D] 20:35:57 Forward pass...
2026-09-29 21:35:57 [ABD3D] 20:35:57 Forward done ✅
2026-09-29 21:35:58 [ABD3D] 20:35:58 WandB logging...
2026-09-29 21:35:58 [ABD3D] 20:35:58 WandB done ✅
2026-09-29 21:35:58 Step 11249/999999999998 | Loss: 0.8789 | MSE: 0.8744 | LPIPS: 0.3210 | KL: 0.0000 | KLw: 1.00 | LR: 2.50e-05 | W: 1.00/0.014/1e-02 | GPU: 15.1GB
2026-09-29 21:35:58 [ABD3D] 20:35:58 Fetching batch...
2026-09-29 21:35:59 [ABD3D] 20:35:59 Batch ready ✅
2026-09-29 21:35:59 [ABD3D] 20:35:59 Forward pass...
2026-09-29 21:35:59 [ABD3D] 20:35:59 Forward done ✅
2026-09-29 21:36:00 [ABD3D] 20:36:00 WandB logging...
2026-09-29 21:36:00 [ABD3D] 20:36:00 WandB done ✅
2026-09-29 21:36:00 Step 11250/999999999998 | Loss: 0.8956 | MSE: 0.8910 | LPIPS: 0.3253 | KL: 0.0000 | KLw: 1.00 | LR: 2.50e-05 | W: 1.00/0.014/1e-02 | GPU: 15.1GB
2026-09-29 21:36:00 [ABD3D] 20:36:00 Fetching batch...
2026-09-29 21:36:00 [ABD3D] 20:36:00 Batch ready ✅
2026-09-29 21:36:00 [ABD3D] 20:36:00 Forward pass...
2026-09-29 21:36:00 [ABD3D] 20:36:00 Forward done ✅
2026-09-29 21:36:01 [ABD3D] 20:36:01 WandB logging...
2026-09-29 21:36:01 [ABD3D] 20:36:01 WandB done ✅
2026-09-29 21:36:01 Step 11251/999999999998 | Loss: 0.8955 | MSE: 0.8909 | LPIPS: 0.3253 | KL: 0.0000 | KLw: 1.00 | LR: 2.50e-05 | W: 1.00/0.014/1e-02 | GPU: 15.1GB
2026-09-29 21:36:01 [ABD3D] 20:36:01 Fetching batch...
2026-09-29 21:36:01 [ABD3D] 20:36:01 Batch ready ✅
2026-09-29 21:36:01 [ABD3D] 20:36:01 Forward pass...
2026-09-29 21:36:01 [ABD3D] 20:36:01 Forward done ✅
2026-09-29 21:36:03 [ABD3D] 20:36:03 WandB logging...
2026-09-29 21:36:03 [ABD3D] 20:36:03 WandB done ✅
2026-09-29 21:36:03 Step 11252/999999999998 | Loss: 0.8955 | MSE: 0.8910 | LPIPS: 0.3253 | KL: 0.0000 | KLw: 1.00 | LR: 2.50e-05 | W: 1.00/0.014/1e-02 | GPU: 15.1GB
2026-09-29 21:36:03 [ABD3D] 20:36:03 Fetching batch...
2026-09-29 21:36:03 [ABD3D] 20:36:03 Batch ready ✅
2026-09-29 21:36:03 [ABD3D] 20:36:03 Forward pass...
2026-09-29 21:36:03 [ABD3D] 20:36:03 Forward done ✅
2026-09-29 21:36:04 [ABD3D] 20:36:04 WandB logging...
2026-09-29 21:36:04 [ABD3D] 20:36:04 WandB done ✅
2026-09-29 21:36:04 Step 11253/999999999998 | Loss: 0.8955 | MSE: 0.8909 | LPIPS: 0.3253 | KL: 0.0000 | KLw: 1.00 | LR: 2.50e-05 | W: 1.00/0.014/1e-02 | GPU: 15.1GB
2026-09-29 21:36:04 [ABD3D] 20:36:04 Fetching batch...
2026-09-29 21:36:04 [ABD3D] 20:36:04 Batch ready ✅
2026-09-29 21:36:04 [ABD3D] 20:36:04 Forward pass...
2026-09-29 21:36:04 [ABD3D] 20:36:04 Forward done ✅
2026-09-29 21:36:05 [ABD3D] 20:36:05 WandB logging...
2026-09-29 21:36:05 [ABD3D] 20:36:05 WandB done ✅
2026-09-29 21:36:05 Step 11254/999999999998 | Loss: 0.8956 | MSE: 0.8910 | LPIPS: 0.3252 | KL: 0.0000 | KLw: 1.00 | LR: 2.50e-05 | W: 1.00/0.014/1e-02 | GPU: 15.1GB
2026-09-29 21:36:05 [ABD3D] 20:36:05 Fetching batch...
2026-09-29 21:36:06 [ABD3D] 20:36:06 Batch ready ✅
2026-09-29 21:36:06 [ABD3D] 20:36:06 Forward pass...
2026-09-29 21:36:06 [ABD3D] 20:36:06 Forward done ✅
2026-09-29 21:36:07 [ABD3D] 20:36:07 WandB logging...
2026-09-29 21:36:07 [ABD3D] 20:36:07 WandB done ✅
2026-09-29 21:36:07 Step 11255/999999999998 | Loss: 0.8956 | MSE: 0.8910 | LPIPS: 0.3253 | KL: 0.0000 | KLw: 1.00 | LR: 2.50e-05 | W: 1.00/0.014/1e-02 | GPU: 15.1GB
2026-09-29 21:36:07 [ABD3D] 20:36:07 Fetching batch...
2026-09-29 21:36:07 [ABD3D] 20:36:07 Batch ready ✅
2026-09-29 21:36:07 [ABD3D] 20:36:07 Forward pass...
2026-09-29 21:36:07 [ABD3D] 20:36:07 Forward done ✅
2026-09-29 21:36:08 [ABD3D] 20:36:08 WandB logging...
2026-09-29 21:36:08 [ABD3D] 20:36:08 WandB done ✅
2026-09-29 21:36:08 Step 11256/999999999998 | Loss: 0.9248 | MSE: 0.9203 | LPIPS: 0.3184 | KL: 0.0000 | KLw: 1.00 | LR: 2.50e-05 | W: 1.00/0.014/1e-02 | GPU: 15.1GB
2026-09-29 21:36:08 [ABD3D] 20:36:08 Fetching batch...
2026-09-29 21:36:08 [ABD3D] 20:36:08 Batch ready ✅
2026-09-29 21:36:08 [ABD3D] 20:36:08 Forward pass...
2026-09-29 21:36:08 [ABD3D] 20:36:08 Forward done ✅
2026-09-29 21:36:10 [ABD3D] 20:36:10 WandB logging...
2026-09-29 21:36:10 [ABD3D] 20:36:10 WandB done ✅
2026-09-29 21:36:10 Step 11257/999999999998 | Loss: 0.9248 | MSE: 0.9203 | LPIPS: 0.3187 | KL: 0.0000 | KLw: 1.00 | LR: 2.50e-05 | W: 1.00/0.014/1e-02 | GPU: 15.1GB
2026-09-29 21:36:10 [ABD3D] 20:36:10 Fetching batch...
2026-09-29 21:36:10 [ABD3D] 20:36:10 Batch ready ✅
2026-09-29 21:36:10 [ABD3D] 20:36:10 Forward pass...
2026-09-29 21:36:10 [ABD3D] 20:36:10 Forward done ✅
2026-09-29 21:36:11 [ABD3D] 20:36:11 WandB logging...
2026-09-29 21:36:11 [ABD3D] 20:36:11 WandB done ✅
2026-09-29 21:36:11 Step 11258/999999999998 | Loss: 0.9248 | MSE: 0.9203 | LPIPS: 0.3185 | KL: 0.0000 | KLw: 1.00 | LR: 2.50e-05 | W: 1.00/0.014/1e-02 | GPU: 15.1GB
2026-09-29 21:36:11 [ABD3D] 20:36:11 Fetching batch...
2026-09-29 21:36:11 [ABD3D] 20:36:11 Batch ready ✅
2026-09-29 21:36:11 [ABD3D] 20:36:11 Forward pass...
2026-09-29 21:36:11 [ABD3D] 20:36:11 Forward done ✅
2026-09-29 21:36:13 [ABD3D] 20:36:13 WandB logging...
2026-09-29 21:36:13 [ABD3D] 20:36:13 WandB done ✅
2026-09-29 21:36:13 Step 11259/999999999998 | Loss: 0.9248 | MSE: 0.9203 | LPIPS: 0.3184 | KL: 0.0000 | KLw: 1.00 | LR: 2.50e-05 | W: 1.00/0.014/1e-02 | GPU: 15.1GB
2026-09-29 21:36:13 [ABD3D] 20:36:13 Fetching batch...
2026-09-29 21:36:13 [ABD3D] 20:36:13 Batch ready ✅
2026-09-29 21:36:13 [ABD3D] 20:36:13 Forward pass...
2026-09-29 21:36:13 [ABD3D] 20:36:13 Forward done ✅
2026-09-29 21:36:14 [ABD3D] 20:36:14 WandB logging...
2026-09-29 21:36:14 [ABD3D] 20:36:14 WandB done ✅
2026-09-29 21:36:14 Step 11260/999999999998 | Loss: 0.9248 | MSE: 0.9203 | LPIPS: 0.3186 | KL: 0.0000 | KLw: 1.00 | LR: 2.50e-05 | W: 1.00/0.014/1e-02 | GPU: 15.1GB
2026-09-29 21:36:14 [ABD3D] 20:36:14 Fetching batch...
2026-09-29 21:36:14 [ABD3D] 20:36:14 Batch ready ✅
2026-09-29 21:36:14 [ABD3D] 20:36:14 Forward pass...
2026-09-29 21:36:14 [ABD3D] 20:36:14 Forward done ✅
2026-09-29 21:36:15 [ABD3D] 20:36:15 WandB logging...
2026-09-29 21:36:15 [ABD3D] 20:36:15 WandB done ✅
2026-09-29 21:36:15 Step 11261/999999999998 | Loss: 0.9248 | MSE: 0.9203 | LPIPS: 0.3185 | KL: 0.0000 | KLw: 1.00 | LR: 2.50e-05 | W: 1.00/0.014/1e-02 | GPU: 15.1GB
2026-09-29 21:36:15 [ABD3D] 20:36:15 Fetching batch...
2026-09-29 21:36:15 [ABD3D] Yielded 192 samples from shard ✅
2026-09-29 21:36:15 [ABD3D] Deleted shard dome_objaverse/0/13426.parquet ✅
2026-09-29 21:36:15 [ABD3D] Advanced to shard 482/83296
2026-09-29 21:36:15 [ABD3D] Shard done → next shard (step 11262)
2026-09-29 21:36:15 [ABD3D] Loaded 83296 shards from local cache ✅
2026-09-29 21:36:15 [ABD3D] 20:36:15 Fetching batch...
2026-09-29 21:36:15 [ABD3D] Loading shard 482/83296: dome_objaverse/0/13489.parquet
2026-09-29 21:36:15 [ABD3D] Downloading: dome_objaverse/0/13489.parquet (attempt 1/5)
2026-09-29 21:36:16 [ABD3D] Downloaded 29.1MB ✅
2026-09-29 21:36:17 [ABD3D] Decoded rows 32/48; valid views buffered: 32
2026-09-29 21:36:17 [ABD3D] 20:36:17 Batch ready ✅
2026-09-29 21:36:17 [ABD3D] 20:36:17 Forward pass...
2026-09-29 21:36:17 [ABD3D] 20:36:17 Forward done ✅
2026-09-29 21:36:19 [ABD3D] 20:36:19 WandB logging...
2026-09-29 21:36:19 [ABD3D] 20:36:19 WandB done ✅
2026-09-29 21:36:19 Step 11262/999999999998 | Loss: 0.8576 | MSE: 0.8529 | LPIPS: 0.3307 | KL: 0.0000 | KLw: 1.00 | LR: 2.50e-05 | W: 1.00/0.014/1e-02 | GPU: 15.1GB
2026-09-29 21:36:19 [ABD3D] 20:36:19 Fetching batch...
2026-09-29 21:36:19 [ABD3D] 20:36:19 Batch ready ✅
2026-09-29 21:36:19 [ABD3D] 20:36:19 Forward pass...
2026-09-29 21:36:19 [ABD3D] 20:36:19 Forward done ✅
2026-09-29 21:36:20 [ABD3D] 20:36:20 WandB logging...
2026-09-29 21:36:20 [ABD3D] 20:36:20 WandB done ✅
2026-09-29 21:36:20 Step 11263/999999999998 | Loss: 0.8584 | MSE: 0.8537 | LPIPS: 0.3302 | KL: 0.0000 | KLw: 1.00 | LR: 2.50e-05 | W: 1.00/0.014/1e-02 | GPU: 15.1GB
2026-09-29 21:36:20 [ABD3D] 20:36:20 Fetching batch...
2026-09-29 21:36:20 [ABD3D] 20:36:20 Batch ready ✅
2026-09-29 21:36:20 [ABD3D] 20:36:20 Forward pass...
2026-09-29 21:36:20 [ABD3D] 20:36:20 Forward done ✅
2026-09-29 21:36:21 [ABD3D] 20:36:21 WandB logging...
2026-09-29 21:36:21 [ABD3D] 20:36:21 WandB done ✅
2026-09-29 21:36:21 Step 11264/999999999998 | Loss: 0.8570 | MSE: 0.8523 | LPIPS: 0.3312 | KL: 0.0000 | KLw: 1.00 | LR: 2.50e-05 | W: 1.00/0.014/1e-02 | GPU: 15.1GB
2026-09-29 21:36:21 [ABD3D] 20:36:21 Fetching batch...
2026-09-29 21:36:21 [ABD3D] 20:36:21 Batch ready ✅
2026-09-29 21:36:21 [ABD3D] 20:36:21 Forward pass...
2026-09-29 21:36:21 [ABD3D] 20:36:21 Forward done ✅
2026-09-29 21:36:23 [ABD3D] 20:36:23 WandB logging...
2026-09-29 21:36:23 [ABD3D] 20:36:23 WandB done ✅
2026-09-29 21:36:23 Step 11265/999999999998 | Loss: 0.8580 | MSE: 0.8533 | LPIPS: 0.3303 | KL: 0.0000 | KLw: 1.00 | LR: 2.50e-05 | W: 1.00/0.014/1e-02 | GPU: 15.1GB
2026-09-29 21:36:23 [ABD3D] 20:36:23 Fetching batch...
2026-09-29 21:36:23 [ABD3D] 20:36:23 Batch ready ✅
2026-09-29 21:36:23 [ABD3D] 20:36:23 Forward pass...
2026-09-29 21:36:23 [ABD3D] 20:36:23 Forward done ✅
2026-09-29 21:36:24 [ABD3D] 20:36:24 WandB logging...
2026-09-29 21:36:24 [ABD3D] 20:36:24 WandB done ✅
2026-09-29 21:36:24 Step 11266/999999999998 | Loss: 0.8574 | MSE: 0.8528 | LPIPS: 0.3306 | KL: 0.0000 | KLw: 1.00 | LR: 2.50e-05 | W: 1.00/0.014/1e-02 | GPU: 15.1GB
2026-09-29 21:36:24 [ABD3D] 20:36:24 Fetching batch...
2026-09-29 21:36:24 [ABD3D] 20:36:24 Batch ready ✅
2026-09-29 21:36:24 [ABD3D] 20:36:24 Forward pass...
2026-09-29 21:36:24 [ABD3D] 20:36:24 Forward done ✅
2026-09-29 21:36:26 [ABD3D] 20:36:26 WandB logging...
2026-09-29 21:36:26 [ABD3D] 20:36:26 WandB done ✅
2026-09-29 21:36:26 Step 11267/999999999998 | Loss: 0.8575 | MSE: 0.8528 | LPIPS: 0.3307 | KL: 0.0000 | KLw: 1.00 | LR: 2.50e-05 | W: 1.00/0.014/1e-02 | GPU: 15.1GB
2026-09-29 21:36:26 [ABD3D] 20:36:26 Fetching batch...
2026-09-29 21:36:26 [ABD3D] 20:36:26 Batch ready ✅
2026-09-29 21:36:26 [ABD3D] 20:36:26 Forward pass...
2026-09-29 21:36:26 [ABD3D] 20:36:26 Forward done ✅
2026-09-29 21:36:27 [ABD3D] 20:36:27 WandB logging...
2026-09-29 21:36:27 [ABD3D] 20:36:27 WandB done ✅
2026-09-29 21:36:27 Step 11268/999999999998 | Loss: 0.7961 | MSE: 0.7911 | LPIPS: 0.3529 | KL: 0.0000 | KLw: 1.00 | LR: 2.50e-05 | W: 1.00/0.014/1e-02 | GPU: 15.1GB
2026-09-29 21:36:27 [ABD3D] 20:36:27 Fetching batch...
2026-09-29 21:36:27 [ABD3D] 20:36:27 Batch ready ✅
2026-09-29 21:36:27 [ABD3D] 20:36:27 Forward pass...
2026-09-29 21:36:27 [ABD3D] 20:36:27 Forward done ✅
2026-09-29 21:36:28 [ABD3D] 20:36:28 WandB logging...
2026-09-29 21:36:28 [ABD3D] 20:36:28 WandB done ✅
2026-09-29 21:36:28 Step 11269/999999999998 | Loss: 0.7957 | MSE: 0.7908 | LPIPS: 0.3533 | KL: 0.0000 | KLw: 1.00 | LR: 2.50e-05 | W: 1.00/0.014/1e-02 | GPU: 15.1GB
2026-09-29 21:36:28 [ABD3D] 20:36:28 Fetching batch...
2026-09-29 21:36:29 [ABD3D] 20:36:29 Batch ready ✅
2026-09-29 21:36:29 [ABD3D] 20:36:29 Forward pass...
2026-09-29 21:36:29 [ABD3D] 20:36:29 Forward done ✅
2026-09-29 21:36:30 [ABD3D] 20:36:30 WandB logging...
2026-09-29 21:36:30 [ABD3D] 20:36:30 WandB done ✅
2026-09-29 21:36:30 Step 11270/999999999998 | Loss: 0.7958 | MSE: 0.7908 | LPIPS: 0.3534 | KL: 0.0000 | KLw: 1.00 | LR: 2.50e-05 | W: 1.00/0.014/1e-02 | GPU: 15.1GB
2026-09-29 21:36:30 [ABD3D] 20:36:30 Fetching batch...
2026-09-29 21:36:30 [ABD3D] 20:36:30 Batch ready ✅
2026-09-29 21:36:30 [ABD3D] 20:36:30 Forward pass...
2026-09-29 21:36:30 [ABD3D] 20:36:30 Forward done ✅
2026-09-29 21:36:31 [ABD3D] 20:36:31 WandB logging...
2026-09-29 21:36:31 [ABD3D] 20:36:31 WandB done ✅
2026-09-29 21:36:31 Step 11271/999999999998 | Loss: 0.7955 | MSE: 0.7905 | LPIPS: 0.3533 | KL: 0.0000 | KLw: 1.00 | LR: 2.50e-05 | W: 1.00/0.014/1e-02 | GPU: 15.1GB
2026-09-29 21:36:31 [ABD3D] 20:36:31 Fetching batch...
2026-09-29 21:36:31 [ABD3D] 20:36:31 Batch ready ✅
2026-09-29 21:36:31 [ABD3D] 20:36:31 Forward pass...
2026-09-29 21:36:31 [ABD3D] 20:36:31 Forward done ✅
2026-09-29 21:36:33 [ABD3D] 20:36:33 WandB logging...
2026-09-29 21:36:33 [ABD3D] 20:36:33 WandB done ✅
2026-09-29 21:36:33 Step 11272/999999999998 | Loss: 0.7955 | MSE: 0.7906 | LPIPS: 0.3533 | KL: 0.0000 | KLw: 1.00 | LR: 2.50e-05 | W: 1.00/0.014/1e-02 | GPU: 15.1GB
2026-09-29 21:36:33 [ABD3D] 20:36:33 Fetching batch...
2026-09-29 21:36:33 [ABD3D] 20:36:33 Batch ready ✅
2026-09-29 21:36:33 [ABD3D] 20:36:33 Forward pass...
2026-09-29 21:36:33 [ABD3D] 20:36:33 Forward done ✅
2026-09-29 21:36:34 [ABD3D] 20:36:34 WandB logging...
2026-09-29 21:36:34 [ABD3D] 20:36:34 WandB done ✅
2026-09-29 21:36:34 Step 11273/999999999998 | Loss: 0.7955 | MSE: 0.7905 | LPIPS: 0.3535 | KL: 0.0000 | KLw: 1.00 | LR: 2.50e-05 | W: 1.00/0.014/1e-02 | GPU: 15.1GB
2026-09-29 21:36:34 [ABD3D] 20:36:34 Fetching batch...
2026-09-29 21:36:35 [ABD3D] 20:36:35 Batch ready ✅
2026-09-29 21:36:35 [ABD3D] 20:36:35 Forward pass...
2026-09-29 21:36:35 [ABD3D] 20:36:35 Forward done ✅
2026-09-29 21:36:36 [ABD3D] 20:36:36 WandB logging...
2026-09-29 21:36:36 [ABD3D] 20:36:36 WandB done ✅
2026-09-29 21:36:36 Step 11274/999999999998 | Loss: 0.7909 | MSE: 0.7859 | LPIPS: 0.3526 | KL: 0.0000 | KLw: 1.00 | LR: 2.50e-05 | W: 1.00/0.014/1e-02 | GPU: 15.1GB
2026-09-29 21:36:36 [ABD3D] 20:36:36 Fetching batch...
2026-09-29 21:36:36 [ABD3D] 20:36:36 Batch ready ✅
2026-09-29 21:36:36 [ABD3D] 20:36:36 Forward pass...
2026-09-29 21:36:36 [ABD3D] 20:36:36 Forward done ✅
2026-09-29 21:36:37 [ABD3D] 20:36:37 WandB logging...
2026-09-29 21:36:37 [ABD3D] 20:36:37 WandB done ✅
2026-09-29 21:36:37 Step 11275/999999999998 | Loss: 0.7909 | MSE: 0.7859 | LPIPS: 0.3524 | KL: 0.0000 | KLw: 1.00 | LR: 2.50e-05 | W: 1.00/0.014/1e-02 | GPU: 15.1GB
2026-09-29 21:36:37 [ABD3D] 20:36:37 Fetching batch...
2026-09-29 21:36:38 [ABD3D] 20:36:38 Batch ready ✅
2026-09-29 21:36:38 [ABD3D] 20:36:38 Forward pass...
2026-09-29 21:36:38 [ABD3D] 20:36:38 Forward done ✅
2026-09-29 21:36:39 [ABD3D] 20:36:39 WandB logging...
2026-09-29 21:36:39 [ABD3D] 20:36:39 WandB done ✅
2026-09-29 21:36:39 Step 11276/999999999998 | Loss: 0.7912 | MSE: 0.7862 | LPIPS: 0.3522 | KL: 0.0000 | KLw: 1.00 | LR: 2.50e-05 | W: 1.00/0.014/1e-02 | GPU: 15.1GB
2026-09-29 21:36:39 [ABD3D] 20:36:39 Fetching batch...
2026-09-29 21:36:39 [ABD3D] 20:36:39 Batch ready ✅
2026-09-29 21:36:39 [ABD3D] 20:36:39 Forward pass...
2026-09-29 21:36:39 [ABD3D] 20:36:39 Forward done ✅
2026-09-29 21:36:40 [ABD3D] 20:36:40 WandB logging...
2026-09-29 21:36:40 [ABD3D] 20:36:40 WandB done ✅
2026-09-29 21:36:40 Step 11277/999999999998 | Loss: 0.7911 | MSE: 0.7861 | LPIPS: 0.3523 | KL: 0.0000 | KLw: 1.00 | LR: 2.50e-05 | W: 1.00/0.014/1e-02 | GPU: 15.1GB
2026-09-29 21:36:40 [ABD3D] 20:36:40 Fetching batch...
2026-09-29 21:36:40 [ABD3D] 20:36:40 Batch ready ✅
2026-09-29 21:36:40 [ABD3D] 20:36:40 Forward pass...
2026-09-29 21:36:40 [ABD3D] 20:36:40 Forward done ✅
2026-09-29 21:36:42 [ABD3D] 20:36:42 WandB logging...
2026-09-29 21:36:42 [ABD3D] 20:36:42 WandB done ✅
2026-09-29 21:36:42 Step 11278/999999999998 | Loss: 0.7909 | MSE: 0.7859 | LPIPS: 0.3524 | KL: 0.0000 | KLw: 1.00 | LR: 2.50e-05 | W: 1.00/0.014/1e-02 | GPU: 15.1GB
2026-09-29 21:36:42 [ABD3D] 20:36:42 Fetching batch...
2026-09-29 21:36:42 [ABD3D] 20:36:42 Batch ready ✅
2026-09-29 21:36:42 [ABD3D] 20:36:42 Forward pass...
2026-09-29 21:36:42 [ABD3D] 20:36:42 Forward done ✅
2026-09-29 21:36:43 [ABD3D] 20:36:43 WandB logging...
2026-09-29 21:36:43 [ABD3D] 20:36:43 WandB done ✅
2026-09-29 21:36:43 Step 11279/999999999998 | Loss: 0.7911 | MSE: 0.7861 | LPIPS: 0.3522 | KL: 0.0000 | KLw: 1.00 | LR: 2.50e-05 | W: 1.00/0.014/1e-02 | GPU: 15.1GB
2026-09-29 21:36:43 [ABD3D] 20:36:43 Fetching batch...
2026-09-29 21:36:43 [ABD3D] 20:36:43 Batch ready ✅
2026-09-29 21:36:43 [ABD3D] 20:36:43 Forward pass...
2026-09-29 21:36:43 [ABD3D] 20:36:43 Forward done ✅
2026-09-29 21:36:44 [ABD3D] 20:36:44 WandB logging...
2026-09-29 21:36:44 [ABD3D] 20:36:44 WandB done ✅
2026-09-29 21:36:44 Step 11280/999999999998 | Loss: 0.8027 | MSE: 0.7979 | LPIPS: 0.3454 | KL: 0.0000 | KLw: 1.00 | LR: 2.50e-05 | W: 1.00/0.014/1e-02 | GPU: 15.1GB
2026-09-29 21:36:44 [ABD3D] 20:36:44 Fetching batch...
2026-09-29 21:36:45 [ABD3D] 20:36:45 Batch ready ✅
2026-09-29 21:36:45 [ABD3D] 20:36:45 Forward pass...
2026-09-29 21:36:45 [ABD3D] 20:36:45 Forward done ✅
2026-09-29 21:36:46 [ABD3D] 20:36:46 WandB logging...
2026-09-29 21:36:46 [ABD3D] 20:36:46 WandB done ✅
2026-09-29 21:36:46 Step 11281/999999999998 | Loss: 0.8027 | MSE: 0.7979 | LPIPS: 0.3454 | KL: 0.0000 | KLw: 1.00 | LR: 2.50e-05 | W: 1.00/0.014/1e-02 | GPU: 15.1GB
2026-09-29 21:36:46 [ABD3D] 20:36:46 Fetching batch...
2026-09-29 21:36:46 [ABD3D] 20:36:46 Batch ready ✅
2026-09-29 21:36:46 [ABD3D] 20:36:46 Forward pass...
2026-09-29 21:36:46 [ABD3D] 20:36:46 Forward done ✅
2026-09-29 21:36:47 [ABD3D] 20:36:47 WandB logging...
2026-09-29 21:36:47 [ABD3D] 20:36:47 WandB done ✅
2026-09-29 21:36:47 Step 11282/999999999998 | Loss: 0.8027 | MSE: 0.7979 | LPIPS: 0.3455 | KL: 0.0000 | KLw: 1.00 | LR: 2.50e-05 | W: 1.00/0.014/1e-02 | GPU: 15.1GB
2026-09-29 21:36:47 [ABD3D] 20:36:47 Fetching batch...
2026-09-29 21:36:47 [ABD3D] 20:36:47 Batch ready ✅
2026-09-29 21:36:47 [ABD3D] 20:36:47 Forward pass...
2026-09-29 21:36:47 [ABD3D] 20:36:47 Forward done ✅
2026-09-29 21:36:49 [ABD3D] 20:36:49 WandB logging...
2026-09-29 21:36:49 [ABD3D] 20:36:49 WandB done ✅
2026-09-29 21:36:49 Step 11283/999999999998 | Loss: 0.8028 | MSE: 0.7979 | LPIPS: 0.3456 | KL: 0.0000 | KLw: 1.00 | LR: 2.50e-05 | W: 1.00/0.014/1e-02 | GPU: 15.1GB
2026-09-29 21:36:49 [ABD3D] 20:36:49 Fetching batch...
2026-09-29 21:36:49 [ABD3D] 20:36:49 Batch ready ✅
2026-09-29 21:36:49 [ABD3D] 20:36:49 Forward pass...
2026-09-29 21:36:49 [ABD3D] 20:36:49 Forward done ✅
2026-09-29 21:36:50 [ABD3D] 20:36:50 WandB logging...
2026-09-29 21:36:50 [ABD3D] 20:36:50 WandB done ✅
2026-09-29 21:36:50 Step 11284/999999999998 | Loss: 0.8028 | MSE: 0.7979 | LPIPS: 0.3456 | KL: 0.0000 | KLw: 1.00 | LR: 2.50e-05 | W: 1.00/0.014/1e-02 | GPU: 15.1GB
2026-09-29 21:36:50 [ABD3D] 20:36:50 Fetching batch...
2026-09-29 21:36:50 [ABD3D] 20:36:50 Batch ready ✅
2026-09-29 21:36:50 [ABD3D] 20:36:50 Forward pass...
2026-09-29 21:36:50 [ABD3D] 20:36:50 Forward done ✅
2026-09-29 21:36:51 [ABD3D] 20:36:51 WandB logging...
2026-09-29 21:36:51 [ABD3D] 20:36:51 WandB done ✅
2026-09-29 21:36:51 Step 11285/999999999998 | Loss: 0.8028 | MSE: 0.7979 | LPIPS: 0.3457 | KL: 0.0000 | KLw: 1.00 | LR: 2.50e-05 | W: 1.00/0.014/1e-02 | GPU: 15.1GB
2026-09-29 21:36:51 [ABD3D] 20:36:51 Fetching batch...
2026-09-29 21:36:51 [ABD3D] Yielded 192 samples from shard ✅
2026-09-29 21:36:52 [ABD3D] Deleted shard dome_objaverse/0/13489.parquet ✅
2026-09-29 21:36:52 [ABD3D] Advanced to shard 483/83296
2026-09-29 21:36:52 [ABD3D] Shard done → next shard (step 11286)
2026-09-29 21:36:52 [ABD3D] Loaded 83296 shards from local cache ✅
2026-09-29 21:36:52 [ABD3D] 20:36:52 Fetching batch...
2026-09-29 21:36:52 [ABD3D] Loading shard 483/83296: dome_objaverse/0/13497.parquet
2026-09-29 21:36:52 [ABD3D] Downloading: dome_objaverse/0/13497.parquet (attempt 1/5)
2026-09-29 21:36:52 [ABD3D] Downloaded 5.2MB ✅
2026-09-29 21:36:53 [ABD3D] Decoded rows 32/48; valid views buffered: 32
2026-09-29 21:36:53 [ABD3D] 20:36:53 Batch ready ✅
2026-09-29 21:36:53 [ABD3D] 20:36:53 Forward pass...
2026-09-29 21:36:53 [ABD3D] 20:36:53 Forward done ✅
2026-09-29 21:36:54 [ABD3D] 20:36:54 WandB logging...
2026-09-29 21:36:54 [ABD3D] 20:36:54 WandB done ✅
2026-09-29 21:36:54 Step 11286/999999999998 | Loss: 0.9804 | MSE: 0.9769 | LPIPS: 0.2431 | KL: 0.0000 | KLw: 1.00 | LR: 2.50e-05 | W: 1.00/0.014/1e-02 | GPU: 15.1GB
2026-09-29 21:36:54 [ABD3D] 20:36:54 Fetching batch...
2026-09-29 21:36:54 [ABD3D] 20:36:54 Batch ready ✅
2026-09-29 21:36:54 [ABD3D] 20:36:54 Forward pass...
2026-09-29 21:36:54 [ABD3D] 20:36:54 Forward done ✅
2026-09-29 21:36:55 [ABD3D] 20:36:55 WandB logging...
2026-09-29 21:36:55 [ABD3D] 20:36:55 WandB done ✅
2026-09-29 21:36:55 Step 11287/999999999998 | Loss: 0.9803 | MSE: 0.9768 | LPIPS: 0.2432 | KL: 0.0000 | KLw: 1.00 | LR: 2.50e-05 | W: 1.00/0.014/1e-02 | GPU: 15.1GB
2026-09-29 21:36:55 [ABD3D] 20:36:55 Fetching batch...
2026-09-29 21:36:56 [ABD3D] 20:36:56 Batch ready ✅
2026-09-29 21:36:56 [ABD3D] 20:36:56 Forward pass...
2026-09-29 21:36:56 [ABD3D] 20:36:56 Forward done ✅
2026-09-29 21:36:57 [ABD3D] 20:36:57 WandB logging...
2026-09-29 21:36:57 [ABD3D] 20:36:57 WandB done ✅
2026-09-29 21:36:57 Step 11288/999999999998 | Loss: 0.9801 | MSE: 0.9766 | LPIPS: 0.2433 | KL: 0.0000 | KLw: 1.00 | LR: 2.50e-05 | W: 1.00/0.014/1e-02 | GPU: 15.1GB
2026-09-29 21:36:57 [ABD3D] 20:36:57 Fetching batch...
2026-09-29 21:36:57 [ABD3D] 20:36:57 Batch ready ✅
2026-09-29 21:36:57 [ABD3D] 20:36:57 Forward pass...
2026-09-29 21:36:57 [ABD3D] 20:36:57 Forward done ✅
2026-09-29 21:36:58 [ABD3D] 20:36:58 WandB logging...
2026-09-29 21:36:58 [ABD3D] 20:36:58 WandB done ✅
2026-09-29 21:36:58 Step 11289/999999999998 | Loss: 0.9802 | MSE: 0.9768 | LPIPS: 0.2432 | KL: 0.0000 | KLw: 1.00 | LR: 2.50e-05 | W: 1.00/0.014/1e-02 | GPU: 15.1GB
2026-09-29 21:36:58 [ABD3D] 20:36:58 Fetching batch...
2026-09-29 21:36:58 [ABD3D] 20:36:58 Batch ready ✅
2026-09-29 21:36:58 [ABD3D] 20:36:58 Forward pass...
2026-09-29 21:36:58 [ABD3D] 20:36:58 Forward done ✅
2026-09-29 21:37:00 [ABD3D] 20:37:00 WandB logging...
2026-09-29 21:37:00 [ABD3D] 20:37:00 WandB done ✅
2026-09-29 21:37:00 Step 11290/999999999998 | Loss: 0.9804 | MSE: 0.9770 | LPIPS: 0.2429 | KL: 0.0000 | KLw: 1.00 | LR: 2.50e-05 | W: 1.00/0.014/1e-02 | GPU: 15.1GB
2026-09-29 21:37:00 [ABD3D] 20:37:00 Fetching batch...
2026-09-29 21:37:00 [ABD3D] 20:37:00 Batch ready ✅
2026-09-29 21:37:00 [ABD3D] 20:37:00 Forward pass...
2026-09-29 21:37:00 [ABD3D] 20:37:00 Forward done ✅
2026-09-29 21:37:01 [ABD3D] 20:37:01 WandB logging...
2026-09-29 21:37:01 [ABD3D] 20:37:01 WandB done ✅
2026-09-29 21:37:01 Step 11291/999999999998 | Loss: 0.9803 | MSE: 0.9769 | LPIPS: 0.2430 | KL: 0.0000 | KLw: 1.00 | LR: 2.50e-05 | W: 1.00/0.014/1e-02 | GPU: 15.1GB
2026-09-29 21:37:01 [ABD3D] 20:37:01 Fetching batch...
2026-09-29 21:37:01 [ABD3D] 20:37:01 Batch ready ✅
2026-09-29 21:37:01 [ABD3D] 20:37:01 Forward pass...
2026-09-29 21:37:01 [ABD3D] 20:37:01 Forward done ✅
2026-09-29 21:37:02 [ABD3D] 20:37:02 WandB logging...
2026-09-29 21:37:02 [ABD3D] 20:37:02 WandB done ✅
2026-09-29 21:37:02 Step 11292/999999999998 | Loss: 0.9820 | MSE: 0.9786 | LPIPS: 0.2415 | KL: 0.0000 | KLw: 1.00 | LR: 2.50e-05 | W: 1.00/0.014/1e-02 | GPU: 15.1GB
2026-09-29 21:37:02 [ABD3D] 20:37:02 Fetching batch...
2026-09-29 21:37:02 [ABD3D] 20:37:02 Batch ready ✅
2026-09-29 21:37:02 [ABD3D] 20:37:02 Forward pass...
2026-09-29 21:37:02 [ABD3D] 20:37:02 Forward done ✅
2026-09-29 21:37:04 [ABD3D] 20:37:04 WandB logging...
2026-09-29 21:37:04 [ABD3D] 20:37:04 WandB done ✅
2026-09-29 21:37:04 Step 11293/999999999998 | Loss: 0.9820 | MSE: 0.9786 | LPIPS: 0.2409 | KL: 0.0000 | KLw: 1.00 | LR: 2.50e-05 | W: 1.00/0.014/1e-02 | GPU: 15.1GB
2026-09-29 21:37:04 [ABD3D] 20:37:04 Fetching batch...
2026-09-29 21:37:04 [ABD3D] 20:37:04 Batch ready ✅
2026-09-29 21:37:04 [ABD3D] 20:37:04 Forward pass...
2026-09-29 21:37:04 [ABD3D] 20:37:04 Forward done ✅
2026-09-29 21:37:05 [ABD3D] 20:37:05 WandB logging...
2026-09-29 21:37:05 [ABD3D] 20:37:05 WandB done ✅
2026-09-29 21:37:05 Step 11294/999999999998 | Loss: 0.9820 | MSE: 0.9786 | LPIPS: 0.2414 | KL: 0.0000 | KLw: 1.00 | LR: 2.50e-05 | W: 1.00/0.014/1e-02 | GPU: 15.1GB
2026-09-29 21:37:05 [ABD3D] 20:37:05 Fetching batch...
2026-09-29 21:37:05 [ABD3D] 20:37:05 Batch ready ✅
2026-09-29 21:37:05 [ABD3D] 20:37:05 Forward pass...
2026-09-29 21:37:05 [ABD3D] 20:37:05 Forward done ✅
2026-09-29 21:37:07 [ABD3D] 20:37:07 WandB logging...
2026-09-29 21:37:07 [ABD3D] 20:37:07 WandB done ✅
2026-09-29 21:37:07 Step 11295/999999999998 | Loss: 0.9820 | MSE: 0.9786 | LPIPS: 0.2408 | KL: 0.0000 | KLw: 1.00 | LR: 2.50e-05 | W: 1.00/0.014/1e-02 | GPU: 15.1GB
2026-09-29 21:37:07 [ABD3D] 20:37:07 Fetching batch...
2026-09-29 21:37:07 [ABD3D] 20:37:07 Batch ready ✅
2026-09-29 21:37:07 [ABD3D] 20:37:07 Forward pass...
2026-09-29 21:37:07 [ABD3D] 20:37:07 Forward done ✅
2026-09-29 21:37:08 [ABD3D] 20:37:08 WandB logging...
2026-09-29 21:37:08 [ABD3D] 20:37:08 WandB done ✅
2026-09-29 21:37:08 Step 11296/999999999998 | Loss: 0.9819 | MSE: 0.9785 | LPIPS: 0.2411 | KL: 0.0000 | KLw: 1.00 | LR: 2.50e-05 | W: 1.00/0.014/1e-02 | GPU: 15.1GB
2026-09-29 21:37:08 [ABD3D] 20:37:08 Fetching batch...
2026-09-29 21:37:08 [ABD3D] 20:37:08 Batch ready ✅
2026-09-29 21:37:08 [ABD3D] 20:37:08 Forward pass...
2026-09-29 21:37:08 [ABD3D] 20:37:08 Forward done ✅
2026-09-29 21:37:09 [ABD3D] 20:37:09 WandB logging...
2026-09-29 21:37:09 [ABD3D] 20:37:09 WandB done ✅
2026-09-29 21:37:09 Step 11297/999999999998 | Loss: 0.9822 | MSE: 0.9788 | LPIPS: 0.2413 | KL: 0.0000 | KLw: 1.00 | LR: 2.50e-05 | W: 1.00/0.014/1e-02 | GPU: 15.1GB
2026-09-29 21:37:09 [ABD3D] 20:37:09 Fetching batch...
2026-09-29 21:37:10 [ABD3D] 20:37:10 Batch ready ✅
2026-09-29 21:37:10 [ABD3D] 20:37:10 Forward pass...
2026-09-29 21:37:10 [ABD3D] 20:37:10 Forward done ✅
2026-09-29 21:37:11 [ABD3D] 20:37:11 WandB logging...
2026-09-29 21:37:11 [ABD3D] 20:37:11 WandB done ✅
2026-09-29 21:37:11 Step 11298/999999999998 | Loss: 0.9850 | MSE: 0.9816 | LPIPS: 0.2423 | KL: 0.0000 | KLw: 1.00 | LR: 2.50e-05 | W: 1.00/0.014/1e-02 | GPU: 15.1GB
2026-09-29 21:37:11 [ABD3D] 20:37:11 Fetching batch...
2026-09-29 21:37:11 [ABD3D] 20:37:11 Batch ready ✅
2026-09-29 21:37:11 [ABD3D] 20:37:11 Forward pass...
2026-09-29 21:37:11 [ABD3D] 20:37:11 Forward done ✅
2026-09-29 21:37:12 [ABD3D] 20:37:12 WandB logging...
2026-09-29 21:37:12 [ABD3D] 20:37:12 WandB done ✅
2026-09-29 21:37:12 Step 11299/999999999998 | Loss: 0.9847 | MSE: 0.9813 | LPIPS: 0.2430 | KL: 0.0000 | KLw: 1.00 | LR: 2.50e-05 | W: 1.00/0.014/1e-02 | GPU: 15.1GB
2026-09-29 21:37:12 [ABD3D] 20:37:12 Fetching batch...
2026-09-29 21:37:12 [ABD3D] 20:37:12 Batch ready ✅
2026-09-29 21:37:12 [ABD3D] 20:37:12 Forward pass...
2026-09-29 21:37:12 [ABD3D] 20:37:12 Forward done ✅
2026-09-29 21:37:14 [ABD3D] 20:37:14 WandB logging...
2026-09-29 21:37:14 [ABD3D] 20:37:14 WandB done ✅
2026-09-29 21:37:14 Step 11300/999999999998 | Loss: 0.9852 | MSE: 0.9818 | LPIPS: 0.2423 | KL: 0.0000 | KLw: 1.00 | LR: 2.50e-05 | W: 1.00/0.014/1e-02 | GPU: 15.1GB
2026-09-29 21:37:14 [ABD3D] 20:37:14 Fetching batch...
2026-09-29 21:37:14 [ABD3D] 20:37:14 Batch ready ✅
2026-09-29 21:37:14 [ABD3D] 20:37:14 Forward pass...
2026-09-29 21:37:14 [ABD3D] 20:37:14 Forward done ✅
2026-09-29 21:37:15 [ABD3D] 20:37:15 WandB logging...
2026-09-29 21:37:15 [ABD3D] 20:37:15 WandB done ✅
2026-09-29 21:37:15 Step 11301/999999999998 | Loss: 0.9849 | MSE: 0.9815 | LPIPS: 0.2422 | KL: 0.0000 | KLw: 1.00 | LR: 2.50e-05 | W: 1.00/0.014/1e-02 | GPU: 15.1GB
2026-09-29 21:37:15 [ABD3D] 20:37:15 Fetching batch...
2026-09-29 21:37:15 [ABD3D] 20:37:15 Batch ready ✅
2026-09-29 21:37:15 [ABD3D] 20:37:15 Forward pass...
2026-09-29 21:37:15 [ABD3D] 20:37:15 Forward done ✅
2026-09-29 21:37:16 [ABD3D] 20:37:16 WandB logging...
2026-09-29 21:37:16 [ABD3D] 20:37:16 WandB done ✅
2026-09-29 21:37:16 Step 11302/999999999998 | Loss: 0.9851 | MSE: 0.9816 | LPIPS: 0.2421 | KL: 0.0000 | KLw: 1.00 | LR: 2.50e-05 | W: 1.00/0.014/1e-02 | GPU: 15.1GB
2026-09-29 21:37:16 [ABD3D] 20:37:16 Fetching batch...
2026-09-29 21:37:16 [ABD3D] 20:37:16 Batch ready ✅
2026-09-29 21:37:16 [ABD3D] 20:37:16 Forward pass...
2026-09-29 21:37:16 [ABD3D] 20:37:16 Forward done ✅
2026-09-29 21:37:18 [ABD3D] 20:37:18 WandB logging...
2026-09-29 21:37:18 [ABD3D] 20:37:18 WandB done ✅
2026-09-29 21:37:18 Step 11303/999999999998 | Loss: 0.9849 | MSE: 0.9814 | LPIPS: 0.2424 | KL: 0.0000 | KLw: 1.00 | LR: 2.50e-05 | W: 1.00/0.014/1e-02 | GPU: 15.1GB
2026-09-29 21:37:18 [ABD3D] 20:37:18 Fetching batch...
2026-09-29 21:37:18 [ABD3D] 20:37:18 Batch ready ✅
2026-09-29 21:37:18 [ABD3D] 20:37:18 Forward pass...
2026-09-29 21:37:18 [ABD3D] 20:37:18 Forward done ✅
2026-09-29 21:37:19 [ABD3D] 20:37:19 WandB logging...
2026-09-29 21:37:19 [ABD3D] 20:37:19 WandB done ✅
2026-09-29 21:37:19 Step 11304/999999999998 | Loss: 0.9891 | MSE: 0.9856 | LPIPS: 0.2445 | KL: 0.0000 | KLw: 1.00 | LR: 2.50e-05 | W: 1.00/0.014/1e-02 | GPU: 15.1GB
2026-09-29 21:37:19 [ABD3D] 20:37:19 Fetching batch...
2026-09-29 21:37:19 [ABD3D] 20:37:19 Batch ready ✅
2026-09-29 21:37:19 [ABD3D] 20:37:19 Forward pass...
2026-09-29 21:37:19 [ABD3D] 20:37:19 Forward done ✅
2026-09-29 21:37:21 [ABD3D] 20:37:21 WandB logging...
2026-09-29 21:37:21 [ABD3D] 20:37:21 WandB done ✅
2026-09-29 21:37:21 Step 11305/999999999998 | Loss: 0.9891 | MSE: 0.9856 | LPIPS: 0.2445 | KL: 0.0000 | KLw: 1.00 | LR: 2.50e-05 | W: 1.00/0.014/1e-02 | GPU: 15.1GB
2026-09-29 21:37:21 [ABD3D] 20:37:21 Fetching batch...
2026-09-29 21:37:21 [ABD3D] 20:37:21 Batch ready ✅
2026-09-29 21:37:21 [ABD3D] 20:37:21 Forward pass...
2026-09-29 21:37:21 [ABD3D] 20:37:21 Forward done ✅
2026-09-29 21:37:22 [ABD3D] 20:37:22 WandB logging...
2026-09-29 21:37:22 [ABD3D] 20:37:22 WandB done ✅
2026-09-29 21:37:22 Step 11306/999999999998 | Loss: 0.9890 | MSE: 0.9856 | LPIPS: 0.2444 | KL: 0.0000 | KLw: 1.00 | LR: 2.50e-05 | W: 1.00/0.014/1e-02 | GPU: 15.1GB
2026-09-29 21:37:22 [ABD3D] 20:37:22 Fetching batch...
2026-09-29 21:37:22 [ABD3D] 20:37:22 Batch ready ✅
2026-09-29 21:37:22 [ABD3D] 20:37:22 Forward pass...
2026-09-29 21:37:22 [ABD3D] 20:37:22 Forward done ✅
2026-09-29 21:37:23 [ABD3D] 20:37:23 WandB logging...
2026-09-29 21:37:23 [ABD3D] 20:37:23 WandB done ✅
2026-09-29 21:37:23 Step 11307/999999999998 | Loss: 0.9891 | MSE: 0.9856 | LPIPS: 0.2445 | KL: 0.0000 | KLw: 1.00 | LR: 2.50e-05 | W: 1.00/0.014/1e-02 | GPU: 15.1GB
2026-09-29 21:37:23 [ABD3D] 20:37:23 Fetching batch...
2026-09-29 21:37:23 [ABD3D] 20:37:23 Batch ready ✅
2026-09-29 21:37:23 [ABD3D] 20:37:23 Forward pass...
2026-09-29 21:37:23 [ABD3D] 20:37:23 Forward done ✅
2026-09-29 21:37:25 [ABD3D] 20:37:25 WandB logging...
2026-09-29 21:37:25 [ABD3D] 20:37:25 WandB done ✅
2026-09-29 21:37:25 Step 11308/999999999998 | Loss: 0.9890 | MSE: 0.9856 | LPIPS: 0.2441 | KL: 0.0000 | KLw: 1.00 | LR: 2.50e-05 | W: 1.00/0.014/1e-02 | GPU: 15.1GB
2026-09-29 21:37:25 [ABD3D] 20:37:25 Fetching batch...
2026-09-29 21:37:25 [ABD3D] 20:37:25 Batch ready ✅
2026-09-29 21:37:25 [ABD3D] 20:37:25 Forward pass...
2026-09-29 21:37:25 [ABD3D] 20:37:25 Forward done ✅
2026-09-29 21:37:26 [ABD3D] 20:37:26 WandB logging...
2026-09-29 21:37:26 [ABD3D] 20:37:26 WandB done ✅
2026-09-29 21:37:26 Step 11309/999999999998 | Loss: 0.9891 | MSE: 0.9856 | LPIPS: 0.2445 | KL: 0.0000 | KLw: 1.00 | LR: 2.50e-05 | W: 1.00/0.014/1e-02 | GPU: 15.1GB
2026-09-29 21:37:26 [ABD3D] 20:37:26 Fetching batch...
2026-09-29 21:37:26 [ABD3D] Yielded 192 samples from shard ✅
2026-09-29 21:37:26 [ABD3D] Deleted shard dome_objaverse/0/13497.parquet ✅
2026-09-29 21:37:26 [ABD3D] Advanced to shard 484/83296
2026-09-29 21:37:26 [ABD3D] Shard done → next shard (step 11310)
2026-09-29 21:37:26 [ABD3D] Loaded 83296 shards from local cache ✅
2026-09-29 21:37:26 [ABD3D] 20:37:26 Fetching batch...
2026-09-29 21:37:26 [ABD3D] Loading shard 484/83296: dome_objaverse/0/13522.parquet
2026-09-29 21:37:26 [ABD3D] Downloading: dome_objaverse/0/13522.parquet (attempt 1/5)
2026-09-29 21:37:27 [ABD3D] Downloaded 15.0MB ✅
2026-09-29 21:37:27 [ABD3D] Decoded rows 32/48; valid views buffered: 32
2026-09-29 21:37:27 [ABD3D] 20:37:27 Batch ready ✅
2026-09-29 21:37:27 [ABD3D] 20:37:27 Forward pass...
2026-09-29 21:37:27 [ABD3D] 20:37:27 Forward done ✅
2026-09-29 21:37:29 [ABD3D] 20:37:29 WandB logging...
2026-09-29 21:37:29 [ABD3D] 20:37:29 WandB done ✅
2026-09-29 21:37:29 Step 11310/999999999998 | Loss: 0.9467 | MSE: 0.9429 | LPIPS: 0.2708 | KL: 0.0000 | KLw: 1.00 | LR: 2.50e-05 | W: 1.00/0.014/1e-02 | GPU: 15.1GB
2026-09-29 21:37:29 [ABD3D] 20:37:29 Fetching batch...
2026-09-29 21:37:29 [ABD3D] 20:37:29 Batch ready ✅
2026-09-29 21:37:29 [ABD3D] 20:37:29 Forward pass...
2026-09-29 21:37:29 [ABD3D] 20:37:29 Forward done ✅
2026-09-29 21:37:30 [ABD3D] 20:37:30 WandB logging...
2026-09-29 21:37:30 [ABD3D] 20:37:30 WandB done ✅
2026-09-29 21:37:30 Step 11311/999999999998 | Loss: 0.9463 | MSE: 0.9425 | LPIPS: 0.2715 | KL: 0.0000 | KLw: 1.00 | LR: 2.50e-05 | W: 1.00/0.014/1e-02 | GPU: 15.1GB
2026-09-29 21:37:30 [ABD3D] 20:37:30 Fetching batch...
2026-09-29 21:37:30 [ABD3D] 20:37:30 Batch ready ✅
2026-09-29 21:37:30 [ABD3D] 20:37:30 Forward pass...
2026-09-29 21:37:30 [ABD3D] 20:37:30 Forward done ✅
2026-09-29 21:37:31 [ABD3D] 20:37:31 WandB logging...
2026-09-29 21:37:31 [ABD3D] 20:37:31 WandB done ✅
2026-09-29 21:37:31 Step 11312/999999999998 | Loss: 0.9463 | MSE: 0.9424 | LPIPS: 0.2714 | KL: 0.0000 | KLw: 1.00 | LR: 2.50e-05 | W: 1.00/0.014/1e-02 | GPU: 15.1GB
2026-09-29 21:37:31 [ABD3D] 20:37:31 Fetching batch...
2026-09-29 21:37:32 [ABD3D] 20:37:32 Batch ready ✅
2026-09-29 21:37:32 [ABD3D] 20:37:32 Forward pass...
2026-09-29 21:37:32 [ABD3D] 20:37:32 Forward done ✅
2026-09-29 21:37:33 [ABD3D] 20:37:33 WandB logging...
2026-09-29 21:37:33 [ABD3D] 20:37:33 WandB done ✅
2026-09-29 21:37:33 Step 11313/999999999998 | Loss: 0.9473 | MSE: 0.9435 | LPIPS: 0.2700 | KL: 0.0000 | KLw: 1.00 | LR: 2.50e-05 | W: 1.00/0.014/1e-02 | GPU: 15.1GB
2026-09-29 21:37:33 [ABD3D] 20:37:33 Fetching batch...
2026-09-29 21:37:33 [ABD3D] 20:37:33 Batch ready ✅
2026-09-29 21:37:33 [ABD3D] 20:37:33 Forward pass...
2026-09-29 21:37:33 [ABD3D] 20:37:33 Forward done ✅
2026-09-29 21:37:34 [ABD3D] 20:37:34 WandB logging...
2026-09-29 21:37:34 [ABD3D] 20:37:34 WandB done ✅
2026-09-29 21:37:34 Step 11314/999999999998 | Loss: 0.9473 | MSE: 0.9435 | LPIPS: 0.2701 | KL: 0.0000 | KLw: 1.00 | LR: 2.50e-05 | W: 1.00/0.014/1e-02 | GPU: 15.1GB
2026-09-29 21:37:34 [ABD3D] 20:37:34 Fetching batch...
2026-09-29 21:37:34 [ABD3D] 20:37:34 Batch ready ✅
2026-09-29 21:37:34 [ABD3D] 20:37:34 Forward pass...
2026-09-29 21:37:34 [ABD3D] 20:37:34 Forward done ✅
2026-09-29 21:37:36 [ABD3D] 20:37:36 WandB logging...
2026-09-29 21:37:36 [ABD3D] 20:37:36 WandB done ✅
2026-09-29 21:37:36 Step 11315/999999999998 | Loss: 0.9467 | MSE: 0.9429 | LPIPS: 0.2709 | KL: 0.0000 | KLw: 1.00 | LR: 2.50e-05 | W: 1.00/0.014/1e-02 | GPU: 15.1GB
2026-09-29 21:37:36 [ABD3D] 20:37:36 Fetching batch...
2026-09-29 21:37:36 [ABD3D] 20:37:36 Batch ready ✅
2026-09-29 21:37:36 [ABD3D] 20:37:36 Forward pass...
2026-09-29 21:37:36 [ABD3D] 20:37:36 Forward done ✅
2026-09-29 21:37:37 [ABD3D] 20:37:37 WandB logging...
2026-09-29 21:37:37 [ABD3D] 20:37:37 WandB done ✅
2026-09-29 21:37:37 Step 11316/999999999998 | Loss: 0.8907 | MSE: 0.8863 | LPIPS: 0.3178 | KL: 0.0000 | KLw: 1.00 | LR: 2.50e-05 | W: 1.00/0.014/1e-02 | GPU: 15.1GB
2026-09-29 21:37:37 [ABD3D] 20:37:37 Fetching batch...
2026-09-29 21:37:37 [ABD3D] 20:37:37 Batch ready ✅
2026-09-29 21:37:37 [ABD3D] 20:37:37 Forward pass...
2026-09-29 21:37:37 [ABD3D] 20:37:37 Forward done ✅
2026-09-29 21:37:38 [ABD3D] 20:37:38 WandB logging...
2026-09-29 21:37:38 [ABD3D] 20:37:38 WandB done ✅
2026-09-29 21:37:38 Step 11317/999999999998 | Loss: 0.8907 | MSE: 0.8863 | LPIPS: 0.3180 | KL: 0.0000 | KLw: 1.00 | LR: 2.50e-05 | W: 1.00/0.014/1e-02 | GPU: 15.1GB
2026-09-29 21:37:38 [ABD3D] 20:37:38 Fetching batch...
2026-09-29 21:37:39 [ABD3D] 20:37:39 Batch ready ✅
2026-09-29 21:37:39 [ABD3D] 20:37:39 Forward pass...
2026-09-29 21:37:39 [ABD3D] 20:37:39 Forward done ✅
2026-09-29 21:37:40 [ABD3D] 20:37:40 WandB logging...
2026-09-29 21:37:40 [ABD3D] 20:37:40 WandB done ✅
2026-09-29 21:37:40 Step 11318/999999999998 | Loss: 0.8908 | MSE: 0.8863 | LPIPS: 0.3179 | KL: 0.0000 | KLw: 1.00 | LR: 2.50e-05 | W: 1.00/0.014/1e-02 | GPU: 15.1GB
2026-09-29 21:37:40 [ABD3D] 20:37:40 Fetching batch...
2026-09-29 21:37:40 [ABD3D] 20:37:40 Batch ready ✅
2026-09-29 21:37:40 [ABD3D] 20:37:40 Forward pass...
2026-09-29 21:37:40 [ABD3D] 20:37:40 Forward done ✅
2026-09-29 21:37:41 [ABD3D] 20:37:41 WandB logging...
2026-09-29 21:37:41 [ABD3D] 20:37:41 WandB done ✅
2026-09-29 21:37:41 Step 11319/999999999998 | Loss: 0.8908 | MSE: 0.8863 | LPIPS: 0.3179 | KL: 0.0000 | KLw: 1.00 | LR: 2.50e-05 | W: 1.00/0.014/1e-02 | GPU: 15.1GB
2026-09-29 21:37:41 [ABD3D] 20:37:41 Fetching batch...
2026-09-29 21:37:41 [ABD3D] 20:37:41 Batch ready ✅
2026-09-29 21:37:41 [ABD3D] 20:37:41 Forward pass...
2026-09-29 21:37:41 [ABD3D] 20:37:41 Forward done ✅
2026-09-29 21:37:43 [ABD3D] 20:37:43 WandB logging...
2026-09-29 21:37:43 [ABD3D] 20:37:43 WandB done ✅
2026-09-29 21:37:43 Step 11320/999999999998 | Loss: 0.8908 | MSE: 0.8863 | LPIPS: 0.3180 | KL: 0.0000 | KLw: 1.00 | LR: 2.50e-05 | W: 1.00/0.014/1e-02 | GPU: 15.1GB
2026-09-29 21:37:43 [ABD3D] 20:37:43 Fetching batch...
2026-09-29 21:37:43 [ABD3D] 20:37:43 Batch ready ✅
2026-09-29 21:37:43 [ABD3D] 20:37:43 Forward pass...
2026-09-29 21:37:43 [ABD3D] 20:37:43 Forward done ✅
2026-09-29 21:37:44 [ABD3D] 20:37:44 WandB logging...
2026-09-29 21:37:44 [ABD3D] 20:37:44 WandB done ✅
2026-09-29 21:37:44 Step 11321/999999999998 | Loss: 0.8908 | MSE: 0.8863 | LPIPS: 0.3178 | KL: 0.0000 | KLw: 1.00 | LR: 2.50e-05 | W: 1.00/0.014/1e-02 | GPU: 15.1GB
2026-09-29 21:37:44 [ABD3D] 20:37:44 Fetching batch...
2026-09-29 21:37:44 [ABD3D] 20:37:44 Batch ready ✅
2026-09-29 21:37:45 [ABD3D] 20:37:45 Forward pass...
2026-09-29 21:37:45 [ABD3D] 20:37:45 Forward done ✅
2026-09-29 21:37:46 [ABD3D] 20:37:46 WandB logging...
2026-09-29 21:37:46 [ABD3D] 20:37:46 WandB done ✅
2026-09-29 21:37:46 Step 11322/999999999998 | Loss: 0.8610 | MSE: 0.8561 | LPIPS: 0.3423 | KL: 0.0000 | KLw: 1.00 | LR: 2.50e-05 | W: 1.00/0.014/1e-02 | GPU: 15.1GB
2026-09-29 21:37:46 [ABD3D] 20:37:46 Fetching batch...
2026-09-29 21:37:46 [ABD3D] 20:37:46 Batch ready ✅
2026-09-29 21:37:46 [ABD3D] 20:37:46 Forward pass...
2026-09-29 21:37:46 [ABD3D] 20:37:46 Forward done ✅
2026-09-29 21:37:47 [ABD3D] 20:37:47 WandB logging...
2026-09-29 21:37:47 [ABD3D] 20:37:47 WandB done ✅
2026-09-29 21:37:47 Step 11323/999999999998 | Loss: 0.8610 | MSE: 0.8562 | LPIPS: 0.3423 | KL: 0.0000 | KLw: 1.00 | LR: 2.50e-05 | W: 1.00/0.014/1e-02 | GPU: 15.1GB
2026-09-29 21:37:47 [ABD3D] 20:37:47 Fetching batch...
2026-09-29 21:37:47 [ABD3D] 20:37:47 Batch ready ✅
2026-09-29 21:37:47 [ABD3D] 20:37:47 Forward pass...
2026-09-29 21:37:47 [ABD3D] 20:37:47 Forward done ✅
2026-09-29 21:37:49 [ABD3D] 20:37:49 WandB logging...
2026-09-29 21:37:49 [ABD3D] 20:37:49 WandB done ✅
2026-09-29 21:37:49 Step 11324/999999999998 | Loss: 0.8610 | MSE: 0.8561 | LPIPS: 0.3423 | KL: 0.0000 | KLw: 1.00 | LR: 2.50e-05 | W: 1.00/0.014/1e-02 | GPU: 15.1GB
2026-09-29 21:37:49 [ABD3D] 20:37:49 Fetching batch...
2026-09-29 21:37:49 [ABD3D] 20:37:49 Batch ready ✅
2026-09-29 21:37:49 [ABD3D] 20:37:49 Forward pass...
2026-09-29 21:37:49 [ABD3D] 20:37:49 Forward done ✅
2026-09-29 21:37:50 [ABD3D] 20:37:50 WandB logging...
2026-09-29 21:37:50 [ABD3D] 20:37:50 WandB done ✅
2026-09-29 21:37:50 Step 11325/999999999998 | Loss: 0.8610 | MSE: 0.8561 | LPIPS: 0.3424 | KL: 0.0000 | KLw: 1.00 | LR: 2.50e-05 | W: 1.00/0.014/1e-02 | GPU: 15.1GB
2026-09-29 21:37:50 [ABD3D] 20:37:50 Fetching batch...
2026-09-29 21:37:50 [ABD3D] 20:37:50 Batch ready ✅
2026-09-29 21:37:50 [ABD3D] 20:37:50 Forward pass...
2026-09-29 21:37:50 [ABD3D] 20:37:50 Forward done ✅
2026-09-29 21:37:51 [ABD3D] 20:37:51 WandB logging...
2026-09-29 21:37:51 [ABD3D] 20:37:51 WandB done ✅
2026-09-29 21:37:51 Step 11326/999999999998 | Loss: 0.8610 | MSE: 0.8562 | LPIPS: 0.3422 | KL: 0.0000 | KLw: 1.00 | LR: 2.50e-05 | W: 1.00/0.014/1e-02 | GPU: 15.1GB
2026-09-29 21:37:51 [ABD3D] 20:37:51 Fetching batch...
2026-09-29 21:37:51 [ABD3D] 20:37:51 Batch ready ✅
2026-09-29 21:37:52 [ABD3D] 20:37:52 Forward pass...
2026-09-29 21:37:52 [ABD3D] 20:37:52 Forward done ✅
2026-09-29 21:37:53 [ABD3D] 20:37:53 WandB logging...
2026-09-29 21:37:53 [ABD3D] 20:37:53 WandB done ✅
2026-09-29 21:37:53 Step 11327/999999999998 | Loss: 0.8610 | MSE: 0.8562 | LPIPS: 0.3422 | KL: 0.0000 | KLw: 1.00 | LR: 2.50e-05 | W: 1.00/0.014/1e-02 | GPU: 15.1GB
2026-09-29 21:37:53 [ABD3D] 20:37:53 Fetching batch...
2026-09-29 21:37:53 [ABD3D] 20:37:53 Batch ready ✅
2026-09-29 21:37:53 [ABD3D] 20:37:53 Forward pass...
2026-09-29 21:37:53 [ABD3D] 20:37:53 Forward done ✅
2026-09-29 21:37:54 [ABD3D] 20:37:54 WandB logging...
2026-09-29 21:37:54 [ABD3D] 20:37:54 WandB done ✅
2026-09-29 21:37:54 Step 11328/999999999998 | Loss: 0.8546 | MSE: 0.8496 | LPIPS: 0.3506 | KL: 0.0000 | KLw: 1.00 | LR: 2.50e-05 | W: 1.00/0.014/1e-02 | GPU: 15.1GB
2026-09-29 21:37:54 [ABD3D] 20:37:54 Fetching batch...
2026-09-29 21:37:54 [ABD3D] 20:37:54 Batch ready ✅
2026-09-29 21:37:54 [ABD3D] 20:37:54 Forward pass...
2026-09-29 21:37:54 [ABD3D] 20:37:54 Forward done ✅
2026-09-29 21:37:56 [ABD3D] 20:37:56 WandB logging...
2026-09-29 21:37:56 [ABD3D] 20:37:56 WandB done ✅
2026-09-29 21:37:56 Step 11329/999999999998 | Loss: 0.8546 | MSE: 0.8496 | LPIPS: 0.3506 | KL: 0.0000 | KLw: 1.00 | LR: 2.50e-05 | W: 1.00/0.014/1e-02 | GPU: 15.1GB
2026-09-29 21:37:56 [ABD3D] 20:37:56 Fetching batch...
2026-09-29 21:37:56 [ABD3D] 20:37:56 Batch ready ✅
2026-09-29 21:37:56 [ABD3D] 20:37:56 Forward pass...
2026-09-29 21:37:56 [ABD3D] 20:37:56 Forward done ✅
2026-09-29 21:37:57 [ABD3D] 20:37:57 WandB logging...
2026-09-29 21:37:57 [ABD3D] 20:37:57 WandB done ✅
2026-09-29 21:37:57 Step 11330/999999999998 | Loss: 0.8546 | MSE: 0.8496 | LPIPS: 0.3508 | KL: 0.0000 | KLw: 1.00 | LR: 2.50e-05 | W: 1.00/0.014/1e-02 | GPU: 15.1GB
2026-09-29 21:37:57 [ABD3D] 20:37:57 Fetching batch...
2026-09-29 21:37:57 [ABD3D] 20:37:57 Batch ready ✅
2026-09-29 21:37:57 [ABD3D] 20:37:57 Forward pass...
2026-09-29 21:37:57 [ABD3D] 20:37:57 Forward done ✅
2026-09-29 21:37:58 [ABD3D] 20:37:58 WandB logging...
2026-09-29 21:37:58 [ABD3D] 20:37:58 WandB done ✅
2026-09-29 21:37:58 Step 11331/999999999998 | Loss: 0.8546 | MSE: 0.8496 | LPIPS: 0.3507 | KL: 0.0000 | KLw: 1.00 | LR: 2.50e-05 | W: 1.00/0.014/1e-02 | GPU: 15.1GB
2026-09-29 21:37:58 [ABD3D] 20:37:58 Fetching batch...
2026-09-29 21:37:59 [ABD3D] 20:37:59 Batch ready ✅
2026-09-29 21:37:59 [ABD3D] 20:37:59 Forward pass...
2026-09-29 21:37:59 [ABD3D] 20:37:59 Forward done ✅
2026-09-29 21:38:00 [ABD3D] 20:38:00 WandB logging...
2026-09-29 21:38:00 [ABD3D] 20:38:00 WandB done ✅
2026-09-29 21:38:00 Step 11332/999999999998 | Loss: 0.8546 | MSE: 0.8496 | LPIPS: 0.3507 | KL: 0.0000 | KLw: 1.00 | LR: 2.50e-05 | W: 1.00/0.014/1e-02 | GPU: 15.1GB
2026-09-29 21:38:00 [ABD3D] 20:38:00 Fetching batch...
2026-09-29 21:38:00 [ABD3D] 20:38:00 Batch ready ✅
2026-09-29 21:38:00 [ABD3D] 20:38:00 Forward pass...
2026-09-29 21:38:00 [ABD3D] 20:38:00 Forward done ✅
2026-09-29 21:38:01 [ABD3D] 20:38:01 WandB logging...
2026-09-29 21:38:01 [ABD3D] 20:38:01 WandB done ✅
2026-09-29 21:38:01 Step 11333/999999999998 | Loss: 0.8546 | MSE: 0.8496 | LPIPS: 0.3507 | KL: 0.0000 | KLw: 1.00 | LR: 2.50e-05 | W: 1.00/0.014/1e-02 | GPU: 15.1GB
2026-09-29 21:38:01 [ABD3D] 20:38:01 Fetching batch...
2026-09-29 21:38:01 [ABD3D] Yielded 192 samples from shard ✅
2026-09-29 21:38:01 [ABD3D] Deleted shard dome_objaverse/0/13522.parquet ✅
2026-09-29 21:38:01 [ABD3D] Advanced to shard 485/83296
2026-09-29 21:38:01 [ABD3D] Shard done → next shard (step 11334)
2026-09-29 21:38:01 [ABD3D] Loaded 83296 shards from local cache ✅
2026-09-29 21:38:01 [ABD3D] 20:38:01 Fetching batch...
2026-09-29 21:38:01 [ABD3D] Loading shard 485/83296: dome_objaverse/0/13524.parquet
2026-09-29 21:38:01 [ABD3D] Downloading: dome_objaverse/0/13524.parquet (attempt 1/5)
2026-09-29 21:38:02 [ABD3D] Downloaded 18.2MB ✅
2026-09-29 21:38:03 [ABD3D] Decoded rows 32/48; valid views buffered: 32
2026-09-29 21:38:03 [ABD3D] 20:38:03 Batch ready ✅
2026-09-29 21:38:03 [ABD3D] 20:38:03 Forward pass...
2026-09-29 21:38:03 [ABD3D] 20:38:03 Forward done ✅
2026-09-29 21:38:04 [ABD3D] 20:38:04 WandB logging...
2026-09-29 21:38:04 [ABD3D] 20:38:04 WandB done ✅
2026-09-29 21:38:04 Step 11334/999999999998 | Loss: 0.8770 | MSE: 0.8723 | LPIPS: 0.3303 | KL: 0.0000 | KLw: 1.00 | LR: 2.50e-05 | W: 1.00/0.014/1e-02 | GPU: 15.1GB
2026-09-29 21:38:04 [ABD3D] 20:38:04 Fetching batch...
2026-09-29 21:38:04 [ABD3D] 20:38:04 Batch ready ✅
2026-09-29 21:38:04 [ABD3D] 20:38:04 Forward pass...
2026-09-29 21:38:04 [ABD3D] 20:38:04 Forward done ✅
2026-09-29 21:38:06 [ABD3D] 20:38:06 WandB logging...
2026-09-29 21:38:06 [ABD3D] 20:38:06 WandB done ✅
2026-09-29 21:38:06 Step 11335/999999999998 | Loss: 0.8770 | MSE: 0.8723 | LPIPS: 0.3303 | KL: 0.0000 | KLw: 1.00 | LR: 2.50e-05 | W: 1.00/0.014/1e-02 | GPU: 15.1GB
2026-09-29 21:38:06 [ABD3D] 20:38:06 Fetching batch...
2026-09-29 21:38:06 [ABD3D] 20:38:06 Batch ready ✅
2026-09-29 21:38:06 [ABD3D] 20:38:06 Forward pass...
2026-09-29 21:38:06 [ABD3D] 20:38:06 Forward done ✅
2026-09-29 21:38:07 [ABD3D] 20:38:07 WandB logging...
2026-09-29 21:38:07 [ABD3D] 20:38:07 WandB done ✅
2026-09-29 21:38:07 Step 11336/999999999998 | Loss: 0.8769 | MSE: 0.8723 | LPIPS: 0.3305 | KL: 0.0000 | KLw: 1.00 | LR: 2.50e-05 | W: 1.00/0.014/1e-02 | GPU: 15.1GB
2026-09-29 21:38:07 [ABD3D] 20:38:07 Fetching batch...
2026-09-29 21:38:07 [ABD3D] 20:38:07 Batch ready ✅
2026-09-29 21:38:07 [ABD3D] 20:38:07 Forward pass...
2026-09-29 21:38:07 [ABD3D] 20:38:07 Forward done ✅
2026-09-29 21:38:08 [ABD3D] 20:38:08 WandB logging...
2026-09-29 21:38:08 [ABD3D] 20:38:08 WandB done ✅
2026-09-29 21:38:08 Step 11337/999999999998 | Loss: 0.8766 | MSE: 0.8719 | LPIPS: 0.3306 | KL: 0.0000 | KLw: 1.00 | LR: 2.50e-05 | W: 1.00/0.014/1e-02 | GPU: 15.1GB
2026-09-29 21:38:08 [ABD3D] 20:38:08 Fetching batch...
2026-09-29 21:38:08 [ABD3D] 20:38:08 Batch ready ✅
2026-09-29 21:38:08 [ABD3D] 20:38:08 Forward pass...
2026-09-29 21:38:08 [ABD3D] 20:38:08 Forward done ✅
2026-09-29 21:38:10 [ABD3D] 20:38:10 WandB logging...
2026-09-29 21:38:10 [ABD3D] 20:38:10 WandB done ✅
2026-09-29 21:38:10 Step 11338/999999999998 | Loss: 0.8767 | MSE: 0.8720 | LPIPS: 0.3308 | KL: 0.0000 | KLw: 1.00 | LR: 2.50e-05 | W: 1.00/0.014/1e-02 | GPU: 15.1GB
2026-09-29 21:38:10 [ABD3D] 20:38:10 Fetching batch...
2026-09-29 21:38:10 [ABD3D] 20:38:10 Batch ready ✅
2026-09-29 21:38:10 [ABD3D] 20:38:10 Forward pass...
2026-09-29 21:38:10 [ABD3D] 20:38:10 Forward done ✅
2026-09-29 21:38:11 [ABD3D] 20:38:11 WandB logging...
2026-09-29 21:38:11 [ABD3D] 20:38:11 WandB done ✅
2026-09-29 21:38:11 Step 11339/999999999998 | Loss: 0.8771 | MSE: 0.8724 | LPIPS: 0.3305 | KL: 0.0000 | KLw: 1.00 | LR: 2.50e-05 | W: 1.00/0.014/1e-02 | GPU: 15.1GB
2026-09-29 21:38:11 [ABD3D] 20:38:11 Fetching batch...
2026-09-29 21:38:11 [ABD3D] 20:38:11 Batch ready ✅
2026-09-29 21:38:11 [ABD3D] 20:38:11 Forward pass...
2026-09-29 21:38:11 [ABD3D] 20:38:11 Forward done ✅
2026-09-29 21:38:13 [ABD3D] 20:38:13 WandB logging...
2026-09-29 21:38:13 [ABD3D] 20:38:13 WandB done ✅
2026-09-29 21:38:13 Step 11340/999999999998 | Loss: 0.8802 | MSE: 0.8756 | LPIPS: 0.3251 | KL: 0.0000 | KLw: 1.00 | LR: 2.50e-05 | W: 1.00/0.014/1e-02 | GPU: 15.1GB
2026-09-29 21:38:13 [ABD3D] 20:38:13 Fetching batch...
2026-09-29 21:38:13 [ABD3D] 20:38:13 Batch ready ✅
2026-09-29 21:38:13 [ABD3D] 20:38:13 Forward pass...
2026-09-29 21:38:13 [ABD3D] 20:38:13 Forward done ✅
2026-09-29 21:38:14 [ABD3D] 20:38:14 WandB logging...
2026-09-29 21:38:14 [ABD3D] 20:38:14 WandB done ✅
2026-09-29 21:38:14 Step 11341/999999999998 | Loss: 0.8803 | MSE: 0.8757 | LPIPS: 0.3250 | KL: 0.0000 | KLw: 1.00 | LR: 2.50e-05 | W: 1.00/0.014/1e-02 | GPU: 15.1GB
2026-09-29 21:38:14 [ABD3D] 20:38:14 Fetching batch...
2026-09-29 21:38:14 [ABD3D] 20:38:14 Batch ready ✅
2026-09-29 21:38:14 [ABD3D] 20:38:14 Forward pass...
2026-09-29 21:38:14 [ABD3D] 20:38:14 Forward done ✅
2026-09-29 21:38:15 [ABD3D] 20:38:15 WandB logging...
2026-09-29 21:38:15 [ABD3D] 20:38:15 WandB done ✅
2026-09-29 21:38:15 Step 11342/999999999998 | Loss: 0.8810 | MSE: 0.8764 | LPIPS: 0.3245 | KL: 0.0000 | KLw: 1.00 | LR: 2.50e-05 | W: 1.00/0.014/1e-02 | GPU: 15.1GB
2026-09-29 21:38:15 [ABD3D] 20:38:15 Fetching batch...
2026-09-29 21:38:15 [ABD3D] 20:38:15 Batch ready ✅
2026-09-29 21:38:15 [ABD3D] 20:38:15 Forward pass...
2026-09-29 21:38:15 [ABD3D] 20:38:15 Forward done ✅
2026-09-29 21:38:17 [ABD3D] 20:38:17 WandB logging...
2026-09-29 21:38:17 [ABD3D] 20:38:17 WandB done ✅
2026-09-29 21:38:17 Step 11343/999999999998 | Loss: 0.8808 | MSE: 0.8762 | LPIPS: 0.3244 | KL: 0.0000 | KLw: 1.00 | LR: 2.50e-05 | W: 1.00/0.014/1e-02 | GPU: 15.1GB
2026-09-29 21:38:17 [ABD3D] 20:38:17 Fetching batch...
2026-09-29 21:38:17 [ABD3D] 20:38:17 Batch ready ✅
2026-09-29 21:38:17 [ABD3D] 20:38:17 Forward pass...
2026-09-29 21:38:17 [ABD3D] 20:38:17 Forward done ✅
2026-09-29 21:38:18 [ABD3D] 20:38:18 WandB logging...
2026-09-29 21:38:18 [ABD3D] 20:38:18 WandB done ✅
2026-09-29 21:38:18 Step 11344/999999999998 | Loss: 0.8801 | MSE: 0.8755 | LPIPS: 0.3253 | KL: 0.0000 | KLw: 1.00 | LR: 2.50e-05 | W: 1.00/0.014/1e-02 | GPU: 15.1GB
2026-09-29 21:38:18 [ABD3D] 20:38:18 Fetching batch...
2026-09-29 21:38:18 [ABD3D] 20:38:18 Batch ready ✅
2026-09-29 21:38:18 [ABD3D] 20:38:18 Forward pass...
2026-09-29 21:38:18 [ABD3D] 20:38:18 Forward done ✅
2026-09-29 21:38:20 [ABD3D] 20:38:20 WandB logging...
2026-09-29 21:38:20 [ABD3D] 20:38:20 WandB done ✅
2026-09-29 21:38:20 Step 11345/999999999998 | Loss: 0.8809 | MSE: 0.8763 | LPIPS: 0.3248 | KL: 0.0000 | KLw: 1.00 | LR: 2.50e-05 | W: 1.00/0.014/1e-02 | GPU: 15.1GB
2026-09-29 21:38:20 [ABD3D] 20:38:20 Fetching batch...
2026-09-29 21:38:20 [ABD3D] 20:38:20 Batch ready ✅
2026-09-29 21:38:20 [ABD3D] 20:38:20 Forward pass...
2026-09-29 21:38:20 [ABD3D] 20:38:20 Forward done ✅
2026-09-29 21:38:21 [ABD3D] 20:38:21 WandB logging...
2026-09-29 21:38:21 [ABD3D] 20:38:21 WandB done ✅
2026-09-29 21:38:21 Step 11346/999999999998 | Loss: 0.8950 | MSE: 0.8905 | LPIPS: 0.3140 | KL: 0.0000 | KLw: 1.00 | LR: 2.50e-05 | W: 1.00/0.014/1e-02 | GPU: 15.1GB
2026-09-29 21:38:21 [ABD3D] 20:38:21 Fetching batch...
2026-09-29 21:38:21 [ABD3D] 20:38:21 Batch ready ✅
2026-09-29 21:38:21 [ABD3D] 20:38:21 Forward pass...
2026-09-29 21:38:21 [ABD3D] 20:38:21 Forward done ✅
2026-09-29 21:38:23 [ABD3D] 20:38:23 WandB logging...
2026-09-29 21:38:23 [ABD3D] 20:38:23 WandB done ✅
2026-09-29 21:38:23 Step 11347/999999999998 | Loss: 0.8953 | MSE: 0.8908 | LPIPS: 0.3136 | KL: 0.0000 | KLw: 1.00 | LR: 2.50e-05 | W: 1.00/0.014/1e-02 | GPU: 15.1GB
2026-09-29 21:38:23 [ABD3D] 20:38:23 Fetching batch...
2026-09-29 21:38:23 [ABD3D] 20:38:23 Batch ready ✅
2026-09-29 21:38:23 [ABD3D] 20:38:23 Forward pass...
2026-09-29 21:38:23 [ABD3D] 20:38:23 Forward done ✅
2026-09-29 21:38:24 [ABD3D] 20:38:24 WandB logging...
2026-09-29 21:38:24 [ABD3D] 20:38:24 WandB done ✅
2026-09-29 21:38:24 Step 11348/999999999998 | Loss: 0.8949 | MSE: 0.8905 | LPIPS: 0.3139 | KL: 0.0000 | KLw: 1.00 | LR: 2.50e-05 | W: 1.00/0.014/1e-02 | GPU: 15.1GB
2026-09-29 21:38:24 [ABD3D] 20:38:24 Fetching batch...
2026-09-29 21:38:24 [ABD3D] 20:38:24 Batch ready ✅
2026-09-29 21:38:24 [ABD3D] 20:38:24 Forward pass...
2026-09-29 21:38:24 [ABD3D] 20:38:24 Forward done ✅
2026-09-29 21:38:25 [ABD3D] 20:38:25 WandB logging...
2026-09-29 21:38:25 [ABD3D] 20:38:25 WandB done ✅
2026-09-29 21:38:25 Step 11349/999999999998 | Loss: 0.8950 | MSE: 0.8905 | LPIPS: 0.3138 | KL: 0.0000 | KLw: 1.00 | LR: 2.50e-05 | W: 1.00/0.014/1e-02 | GPU: 15.1GB
2026-09-29 21:38:25 [ABD3D] 20:38:25 Fetching batch...
2026-09-29 21:38:26 [ABD3D] 20:38:26 Batch ready ✅
2026-09-29 21:38:26 [ABD3D] 20:38:26 Forward pass...
2026-09-29 21:38:26 [ABD3D] 20:38:26 Forward done ✅
2026-09-29 21:38:27 [ABD3D] 20:38:27 WandB logging...
2026-09-29 21:38:27 [ABD3D] 20:38:27 WandB done ✅
2026-09-29 21:38:27 Step 11350/999999999998 | Loss: 0.8948 | MSE: 0.8904 | LPIPS: 0.3141 | KL: 0.0000 | KLw: 1.00 | LR: 2.50e-05 | W: 1.00/0.014/1e-02 | GPU: 15.1GB
2026-09-29 21:38:27 [ABD3D] 20:38:27 Fetching batch...
2026-09-29 21:38:27 [ABD3D] 20:38:27 Batch ready ✅
2026-09-29 21:38:27 [ABD3D] 20:38:27 Forward pass...
2026-09-29 21:38:27 [ABD3D] 20:38:27 Forward done ✅
2026-09-29 21:38:28 [ABD3D] 20:38:28 WandB logging...
2026-09-29 21:38:28 [ABD3D] 20:38:28 WandB done ✅
2026-09-29 21:38:28 Step 11351/999999999998 | Loss: 0.8952 | MSE: 0.8908 | LPIPS: 0.3135 | KL: 0.0000 | KLw: 1.00 | LR: 2.50e-05 | W: 1.00/0.014/1e-02 | GPU: 15.1GB
2026-09-29 21:38:28 [ABD3D] 20:38:28 Fetching batch...
2026-09-29 21:38:28 [ABD3D] 20:38:28 Batch ready ✅
2026-09-29 21:38:28 [ABD3D] 20:38:28 Forward pass...
2026-09-29 21:38:28 [ABD3D] 20:38:28 Forward done ✅
2026-09-29 21:38:30 [ABD3D] 20:38:30 WandB logging...
2026-09-29 21:38:30 [ABD3D] 20:38:30 WandB done ✅
2026-09-29 21:38:30 Step 11352/999999999998 | Loss: 0.9154 | MSE: 0.9111 | LPIPS: 0.3004 | KL: 0.0000 | KLw: 1.00 | LR: 2.50e-05 | W: 1.00/0.014/1e-02 | GPU: 15.1GB
2026-09-29 21:38:30 [ABD3D] 20:38:30 Fetching batch...
2026-09-29 21:38:30 [ABD3D] 20:38:30 Batch ready ✅
2026-09-29 21:38:30 [ABD3D] 20:38:30 Forward pass...
2026-09-29 21:38:30 [ABD3D] 20:38:30 Forward done ✅
2026-09-29 21:38:31 [ABD3D] 20:38:31 WandB logging...
2026-09-29 21:38:31 [ABD3D] 20:38:31 WandB done ✅
2026-09-29 21:38:31 Step 11353/999999999998 | Loss: 0.9154 | MSE: 0.9111 | LPIPS: 0.3005 | KL: 0.0000 | KLw: 1.00 | LR: 2.50e-05 | W: 1.00/0.014/1e-02 | GPU: 15.1GB
2026-09-29 21:38:31 [ABD3D] 20:38:31 Fetching batch...
2026-09-29 21:38:31 [ABD3D] 20:38:31 Batch ready ✅
2026-09-29 21:38:31 [ABD3D] 20:38:31 Forward pass...
2026-09-29 21:38:31 [ABD3D] 20:38:31 Forward done ✅
2026-09-29 21:38:32 [ABD3D] 20:38:32 WandB logging...
2026-09-29 21:38:32 [ABD3D] 20:38:32 WandB done ✅
2026-09-29 21:38:32 Step 11354/999999999998 | Loss: 0.9154 | MSE: 0.9111 | LPIPS: 0.3004 | KL: 0.0000 | KLw: 1.00 | LR: 2.50e-05 | W: 1.00/0.014/1e-02 | GPU: 15.1GB
2026-09-29 21:38:32 [ABD3D] 20:38:32 Fetching batch...
2026-09-29 21:38:32 [ABD3D] 20:38:32 Batch ready ✅
2026-09-29 21:38:32 [ABD3D] 20:38:32 Forward pass...
2026-09-29 21:38:32 [ABD3D] 20:38:32 Forward done ✅
2026-09-29 21:38:34 [ABD3D] 20:38:34 WandB logging...
2026-09-29 21:38:34 [ABD3D] 20:38:34 WandB done ✅
2026-09-29 21:38:34 Step 11355/999999999998 | Loss: 0.9154 | MSE: 0.9111 | LPIPS: 0.3003 | KL: 0.0000 | KLw: 1.00 | LR: 2.50e-05 | W: 1.00/0.014/1e-02 | GPU: 15.1GB
2026-09-29 21:38:34 [ABD3D] 20:38:34 Fetching batch...
2026-09-29 21:38:34 [ABD3D] 20:38:34 Batch ready ✅
2026-09-29 21:38:34 [ABD3D] 20:38:34 Forward pass...
2026-09-29 21:38:34 [ABD3D] 20:38:34 Forward done ✅
2026-09-29 21:38:35 [ABD3D] 20:38:35 WandB logging...
2026-09-29 21:38:35 [ABD3D] 20:38:35 WandB done ✅
2026-09-29 21:38:35 Step 11356/999999999998 | Loss: 0.9154 | MSE: 0.9111 | LPIPS: 0.3005 | KL: 0.0000 | KLw: 1.00 | LR: 2.50e-05 | W: 1.00/0.014/1e-02 | GPU: 15.1GB
2026-09-29 21:38:35 [ABD3D] 20:38:35 Fetching batch...
2026-09-29 21:38:35 [ABD3D] 20:38:35 Batch ready ✅
2026-09-29 21:38:35 [ABD3D] 20:38:35 Forward pass...
2026-09-29 21:38:35 [ABD3D] 20:38:35 Forward done ✅
2026-09-29 21:38:37 [ABD3D] 20:38:37 WandB logging...
2026-09-29 21:38:37 [ABD3D] 20:38:37 WandB done ✅
2026-09-29 21:38:37 Step 11357/999999999998 | Loss: 0.9154 | MSE: 0.9111 | LPIPS: 0.3004 | KL: 0.0000 | KLw: 1.00 | LR: 2.50e-05 | W: 1.00/0.014/1e-02 | GPU: 15.1GB
2026-09-29 21:38:37 [ABD3D] 20:38:37 Fetching batch...
2026-09-29 21:38:37 [ABD3D] Yielded 192 samples from shard ✅
2026-09-29 21:38:37 [ABD3D] Deleted shard dome_objaverse/0/13524.parquet ✅
2026-09-29 21:38:37 [ABD3D] Advanced to shard 486/83296
2026-09-29 21:38:37 [ABD3D] Shard done → next shard (step 11358)
2026-09-29 21:38:37 [ABD3D] Loaded 83296 shards from local cache ✅
2026-09-29 21:38:37 [ABD3D] 20:38:37 Fetching batch...
2026-09-29 21:38:37 [ABD3D] Loading shard 486/83296: dome_objaverse/0/13533.parquet
2026-09-29 21:38:37 [ABD3D] Downloading: dome_objaverse/0/13533.parquet (attempt 1/5)
2026-09-29 21:38:37 [ABD3D] Downloaded 21.0MB ✅
2026-09-29 21:38:38 [ABD3D] Decoded rows 32/48; valid views buffered: 32
2026-09-29 21:38:38 [ABD3D] 20:38:38 Batch ready ✅
2026-09-29 21:38:38 [ABD3D] 20:38:38 Forward pass...
2026-09-29 21:38:38 [ABD3D] 20:38:38 Forward done ✅
2026-09-29 21:38:39 [ABD3D] 20:38:39 WandB logging...
2026-09-29 21:38:39 [ABD3D] 20:38:39 WandB done ✅
2026-09-29 21:38:39 Step 11358/999999999998 | Loss: 0.8611 | MSE: 0.8566 | LPIPS: 0.3206 | KL: 0.0000 | KLw: 1.00 | LR: 2.50e-05 | W: 1.00/0.014/1e-02 | GPU: 15.1GB
2026-09-29 21:38:39 [ABD3D] 20:38:39 Fetching batch...
2026-09-29 21:38:39 [ABD3D] 20:38:39 Batch ready ✅
2026-09-29 21:38:39 [ABD3D] 20:38:39 Forward pass...
2026-09-29 21:38:39 [ABD3D] 20:38:39 Forward done ✅
2026-09-29 21:38:41 [ABD3D] 20:38:41 WandB logging...
2026-09-29 21:38:41 [ABD3D] 20:38:41 WandB done ✅
2026-09-29 21:38:41 Step 11359/999999999998 | Loss: 0.8612 | MSE: 0.8567 | LPIPS: 0.3204 | KL: 0.0000 | KLw: 1.00 | LR: 2.50e-05 | W: 1.00/0.014/1e-02 | GPU: 15.1GB
2026-09-29 21:38:41 [ABD3D] 20:38:41 Fetching batch...
2026-09-29 21:38:41 [ABD3D] 20:38:41 Batch ready ✅
2026-09-29 21:38:41 [ABD3D] 20:38:41 Forward pass...
2026-09-29 21:38:41 [ABD3D] 20:38:41 Forward done ✅
2026-09-29 21:38:42 [ABD3D] 20:38:42 WandB logging...
2026-09-29 21:38:42 [ABD3D] 20:38:42 WandB done ✅
2026-09-29 21:38:42 Step 11360/999999999998 | Loss: 0.8629 | MSE: 0.8584 | LPIPS: 0.3193 | KL: 0.0000 | KLw: 1.00 | LR: 2.50e-05 | W: 1.00/0.014/1e-02 | GPU: 15.1GB
2026-09-29 21:38:42 [ABD3D] 20:38:42 Fetching batch...
2026-09-29 21:38:42 [ABD3D] 20:38:42 Batch ready ✅
2026-09-29 21:38:42 [ABD3D] 20:38:42 Forward pass...
2026-09-29 21:38:42 [ABD3D] 20:38:42 Forward done ✅
2026-09-29 21:38:44 [ABD3D] 20:38:44 WandB logging...
2026-09-29 21:38:44 [ABD3D] 20:38:44 WandB done ✅
2026-09-29 21:38:44 Step 11361/999999999998 | Loss: 0.8614 | MSE: 0.8569 | LPIPS: 0.3203 | KL: 0.0000 | KLw: 1.00 | LR: 2.50e-05 | W: 1.00/0.014/1e-02 | GPU: 15.1GB
2026-09-29 21:38:44 [ABD3D] 20:38:44 Fetching batch...
2026-09-29 21:38:44 [ABD3D] 20:38:44 Batch ready ✅
2026-09-29 21:38:44 [ABD3D] 20:38:44 Forward pass...
2026-09-29 21:38:44 [ABD3D] 20:38:44 Forward done ✅
2026-09-29 21:38:45 [ABD3D] 20:38:45 WandB logging...
2026-09-29 21:38:45 [ABD3D] 20:38:45 WandB done ✅
2026-09-29 21:38:45 Step 11362/999999999998 | Loss: 0.8613 | MSE: 0.8568 | LPIPS: 0.3203 | KL: 0.0000 | KLw: 1.00 | LR: 2.50e-05 | W: 1.00/0.014/1e-02 | GPU: 15.1GB
2026-09-29 21:38:45 [ABD3D] 20:38:45 Fetching batch...
2026-09-29 21:38:45 [ABD3D] 20:38:45 Batch ready ✅
2026-09-29 21:38:45 [ABD3D] 20:38:45 Forward pass...
2026-09-29 21:38:45 [ABD3D] 20:38:45 Forward done ✅
2026-09-29 21:38:46 [ABD3D] 20:38:46 WandB logging...
2026-09-29 21:38:46 [ABD3D] 20:38:46 WandB done ✅
2026-09-29 21:38:46 Step 11363/999999999998 | Loss: 0.8616 | MSE: 0.8571 | LPIPS: 0.3200 | KL: 0.0000 | KLw: 1.00 | LR: 2.50e-05 | W: 1.00/0.014/1e-02 | GPU: 15.1GB
2026-09-29 21:38:46 [ABD3D] 20:38:46 Fetching batch...
2026-09-29 21:38:46 [ABD3D] 20:38:46 Batch ready ✅
2026-09-29 21:38:46 [ABD3D] 20:38:46 Forward pass...
2026-09-29 21:38:46 [ABD3D] 20:38:46 Forward done ✅
2026-09-29 21:38:48 [ABD3D] 20:38:48 WandB logging...
2026-09-29 21:38:48 [ABD3D] 20:38:48 WandB done ✅
2026-09-29 21:38:48 Step 11364/999999999998 | Loss: 0.8340 | MSE: 0.8292 | LPIPS: 0.3396 | KL: 0.0000 | KLw: 1.00 | LR: 2.50e-05 | W: 1.00/0.014/1e-02 | GPU: 15.1GB
2026-09-29 21:38:48 [ABD3D] 20:38:48 Fetching batch...
2026-09-29 21:38:48 [ABD3D] 20:38:48 Batch ready ✅
2026-09-29 21:38:48 [ABD3D] 20:38:48 Forward pass...
2026-09-29 21:38:48 [ABD3D] 20:38:48 Forward done ✅
2026-09-29 21:38:49 [ABD3D] 20:38:49 WandB logging...
2026-09-29 21:38:49 [ABD3D] 20:38:49 WandB done ✅
2026-09-29 21:38:49 Step 11365/999999999998 | Loss: 0.8336 | MSE: 0.8288 | LPIPS: 0.3401 | KL: 0.0000 | KLw: 1.00 | LR: 2.50e-05 | W: 1.00/0.014/1e-02 | GPU: 15.1GB
2026-09-29 21:38:49 [ABD3D] 20:38:49 Fetching batch...
2026-09-29 21:38:49 [ABD3D] 20:38:49 Batch ready ✅
2026-09-29 21:38:49 [ABD3D] 20:38:49 Forward pass...
2026-09-29 21:38:49 [ABD3D] 20:38:49 Forward done ✅
2026-09-29 21:38:51 [ABD3D] 20:38:51 WandB logging...
2026-09-29 21:38:51 [ABD3D] 20:38:51 WandB done ✅
2026-09-29 21:38:51 Step 11366/999999999998 | Loss: 0.8334 | MSE: 0.8286 | LPIPS: 0.3398 | KL: 0.0000 | KLw: 1.00 | LR: 2.50e-05 | W: 1.00/0.014/1e-02 | GPU: 15.1GB
2026-09-29 21:38:51 [ABD3D] 20:38:51 Fetching batch...
2026-09-29 21:38:51 [ABD3D] 20:38:51 Batch ready ✅
2026-09-29 21:38:51 [ABD3D] 20:38:51 Forward pass...
2026-09-29 21:38:51 [ABD3D] 20:38:51 Forward done ✅
2026-09-29 21:38:52 [ABD3D] 20:38:52 WandB logging...
2026-09-29 21:38:52 [ABD3D] 20:38:52 WandB done ✅
2026-09-29 21:38:52 Step 11367/999999999998 | Loss: 0.8339 | MSE: 0.8291 | LPIPS: 0.3398 | KL: 0.0000 | KLw: 1.00 | LR: 2.50e-05 | W: 1.00/0.014/1e-02 | GPU: 15.1GB
2026-09-29 21:38:52 [ABD3D] 20:38:52 Fetching batch...
2026-09-29 21:38:52 [ABD3D] 20:38:52 Batch ready ✅
2026-09-29 21:38:52 [ABD3D] 20:38:52 Forward pass...
2026-09-29 21:38:52 [ABD3D] 20:38:52 Forward done ✅
2026-09-29 21:38:53 [ABD3D] 20:38:53 WandB logging...
2026-09-29 21:38:53 [ABD3D] 20:38:53 WandB done ✅
2026-09-29 21:38:53 Step 11368/999999999998 | Loss: 0.8341 | MSE: 0.8293 | LPIPS: 0.3395 | KL: 0.0000 | KLw: 1.00 | LR: 2.50e-05 | W: 1.00/0.014/1e-02 | GPU: 15.1GB
2026-09-29 21:38:53 [ABD3D] 20:38:53 Fetching batch...
2026-09-29 21:38:53 [ABD3D] 20:38:53 Batch ready ✅
2026-09-29 21:38:53 [ABD3D] 20:38:53 Forward pass...
2026-09-29 21:38:53 [ABD3D] 20:38:53 Forward done ✅
2026-09-29 21:38:55 [ABD3D] 20:38:55 WandB logging...
2026-09-29 21:38:55 [ABD3D] 20:38:55 WandB done ✅
2026-09-29 21:38:55 Step 11369/999999999998 | Loss: 0.8333 | MSE: 0.8285 | LPIPS: 0.3399 | KL: 0.0000 | KLw: 1.00 | LR: 2.50e-05 | W: 1.00/0.014/1e-02 | GPU: 15.1GB
2026-09-29 21:38:55 [ABD3D] 20:38:55 Fetching batch...
2026-09-29 21:38:55 [ABD3D] 20:38:55 Batch ready ✅
2026-09-29 21:38:55 [ABD3D] 20:38:55 Forward pass...
2026-09-29 21:38:55 [ABD3D] 20:38:55 Forward done ✅
2026-09-29 21:38:56 [ABD3D] 20:38:56 WandB logging...
2026-09-29 21:38:56 [ABD3D] 20:38:56 WandB done ✅
2026-09-29 21:38:56 Step 11370/999999999998 | Loss: 0.8267 | MSE: 0.8218 | LPIPS: 0.3475 | KL: 0.0000 | KLw: 1.00 | LR: 2.50e-05 | W: 1.00/0.014/1e-02 | GPU: 15.1GB
2026-09-29 21:38:56 [ABD3D] 20:38:56 Fetching batch...
2026-09-29 21:38:57 [ABD3D] 20:38:57 Batch ready ✅
2026-09-29 21:38:57 [ABD3D] 20:38:57 Forward pass...
2026-09-29 21:38:57 [ABD3D] 20:38:57 Forward done ✅
2026-09-29 21:38:58 [ABD3D] 20:38:58 WandB logging...
2026-09-29 21:38:58 [ABD3D] 20:38:58 WandB done ✅
2026-09-29 21:38:58 Step 11371/999999999998 | Loss: 0.8282 | MSE: 0.8233 | LPIPS: 0.3463 | KL: 0.0000 | KLw: 1.00 | LR: 2.50e-05 | W: 1.00/0.014/1e-02 | GPU: 15.1GB
2026-09-29 21:38:58 [ABD3D] 20:38:58 Fetching batch...
2026-09-29 21:38:58 [ABD3D] 20:38:58 Batch ready ✅
2026-09-29 21:38:58 [ABD3D] 20:38:58 Forward pass...
2026-09-29 21:38:58 [ABD3D] 20:38:58 Forward done ✅
2026-09-29 21:38:59 [ABD3D] 20:38:59 WandB logging...
2026-09-29 21:38:59 [ABD3D] 20:38:59 WandB done ✅
2026-09-29 21:38:59 Step 11372/999999999998 | Loss: 0.8283 | MSE: 0.8234 | LPIPS: 0.3461 | KL: 0.0000 | KLw: 1.00 | LR: 2.50e-05 | W: 1.00/0.014/1e-02 | GPU: 15.1GB
2026-09-29 21:38:59 [ABD3D] 20:38:59 Fetching batch...
2026-09-29 21:38:59 [ABD3D] 20:38:59 Batch ready ✅
2026-09-29 21:38:59 [ABD3D] 20:38:59 Forward pass...
2026-09-29 21:38:59 [ABD3D] 20:38:59 Forward done ✅
2026-09-29 21:39:01 [ABD3D] 20:39:01 WandB logging...
2026-09-29 21:39:01 [ABD3D] 20:39:01 WandB done ✅
2026-09-29 21:39:01 Step 11373/999999999998 | Loss: 0.8274 | MSE: 0.8225 | LPIPS: 0.3470 | KL: 0.0000 | KLw: 1.00 | LR: 2.50e-05 | W: 1.00/0.014/1e-02 | GPU: 15.1GB
2026-09-29 21:39:01 [ABD3D] 20:39:01 Fetching batch...
2026-09-29 21:39:01 [ABD3D] 20:39:01 Batch ready ✅
2026-09-29 21:39:01 [ABD3D] 20:39:01 Forward pass...
2026-09-29 21:39:01 [ABD3D] 20:39:01 Forward done ✅
2026-09-29 21:39:02 [ABD3D] 20:39:02 WandB logging...
2026-09-29 21:39:02 [ABD3D] 20:39:02 WandB done ✅
2026-09-29 21:39:02 Step 11374/999999999998 | Loss: 0.8276 | MSE: 0.8227 | LPIPS: 0.3468 | KL: 0.0000 | KLw: 1.00 | LR: 2.50e-05 | W: 1.00/0.014/1e-02 | GPU: 15.1GB
2026-09-29 21:39:02 [ABD3D] 20:39:02 Fetching batch...
2026-09-29 21:39:02 [ABD3D] 20:39:02 Batch ready ✅
2026-09-29 21:39:02 [ABD3D] 20:39:02 Forward pass...
2026-09-29 21:39:02 [ABD3D] 20:39:02 Forward done ✅
2026-09-29 21:39:04 [ABD3D] 20:39:04 WandB logging...
2026-09-29 21:39:04 [ABD3D] 20:39:04 WandB done ✅
2026-09-29 21:39:04 Step 11375/999999999998 | Loss: 0.8279 | MSE: 0.8230 | LPIPS: 0.3466 | KL: 0.0000 | KLw: 1.00 | LR: 2.50e-05 | W: 1.00/0.014/1e-02 | GPU: 15.1GB
2026-09-29 21:39:04 [ABD3D] 20:39:04 Fetching batch...
2026-09-29 21:39:04 [ABD3D] 20:39:04 Batch ready ✅
2026-09-29 21:39:04 [ABD3D] 20:39:04 Forward pass...
2026-09-29 21:39:04 [ABD3D] 20:39:04 Forward done ✅
2026-09-29 21:39:05 [ABD3D] 20:39:05 WandB logging...
2026-09-29 21:39:05 [ABD3D] 20:39:05 WandB done ✅
2026-09-29 21:39:05 Step 11376/999999999998 | Loss: 0.8166 | MSE: 0.8116 | LPIPS: 0.3532 | KL: 0.0000 | KLw: 1.00 | LR: 2.50e-05 | W: 1.00/0.014/1e-02 | GPU: 15.1GB
2026-09-29 21:39:05 [ABD3D] 20:39:05 Fetching batch...
2026-09-29 21:39:05 [ABD3D] 20:39:05 Batch ready ✅
2026-09-29 21:39:05 [ABD3D] 20:39:05 Forward pass...
2026-09-29 21:39:05 [ABD3D] 20:39:05 Forward done ✅
2026-09-29 21:39:06 [ABD3D] 20:39:06 WandB logging...
2026-09-29 21:39:06 [ABD3D] 20:39:06 WandB done ✅
2026-09-29 21:39:06 Step 11377/999999999998 | Loss: 0.8166 | MSE: 0.8116 | LPIPS: 0.3533 | KL: 0.0000 | KLw: 1.00 | LR: 2.50e-05 | W: 1.00/0.014/1e-02 | GPU: 15.1GB
2026-09-29 21:39:06 [ABD3D] 20:39:06 Fetching batch...
2026-09-29 21:39:06 [ABD3D] 20:39:06 Batch ready ✅
2026-09-29 21:39:06 [ABD3D] 20:39:06 Forward pass...
2026-09-29 21:39:06 [ABD3D] 20:39:06 Forward done ✅
2026-09-29 21:39:08 [ABD3D] 20:39:08 WandB logging...
2026-09-29 21:39:08 [ABD3D] 20:39:08 WandB done ✅
2026-09-29 21:39:08 Step 11378/999999999998 | Loss: 0.8166 | MSE: 0.8116 | LPIPS: 0.3530 | KL: 0.0000 | KLw: 1.00 | LR: 2.50e-05 | W: 1.00/0.014/1e-02 | GPU: 15.1GB
2026-09-29 21:39:08 [ABD3D] 20:39:08 Fetching batch...
2026-09-29 21:39:08 [ABD3D] 20:39:08 Batch ready ✅
2026-09-29 21:39:08 [ABD3D] 20:39:08 Forward pass...
2026-09-29 21:39:08 [ABD3D] 20:39:08 Forward done ✅
2026-09-29 21:39:09 [ABD3D] 20:39:09 WandB logging...
2026-09-29 21:39:09 [ABD3D] 20:39:09 WandB done ✅
2026-09-29 21:39:09 Step 11379/999999999998 | Loss: 0.8166 | MSE: 0.8116 | LPIPS: 0.3532 | KL: 0.0000 | KLw: 1.00 | LR: 2.50e-05 | W: 1.00/0.014/1e-02 | GPU: 15.1GB
2026-09-29 21:39:09 [ABD3D] 20:39:09 Fetching batch...
2026-09-29 21:39:09 [ABD3D] 20:39:09 Batch ready ✅
2026-09-29 21:39:09 [ABD3D] 20:39:09 Forward pass...
2026-09-29 21:39:09 [ABD3D] 20:39:09 Forward done ✅
2026-09-29 21:39:11 [ABD3D] 20:39:11 WandB logging...
2026-09-29 21:39:11 [ABD3D] 20:39:11 WandB done ✅
2026-09-29 21:39:11 Step 11380/999999999998 | Loss: 0.8166 | MSE: 0.8116 | LPIPS: 0.3533 | KL: 0.0000 | KLw: 1.00 | LR: 2.50e-05 | W: 1.00/0.014/1e-02 | GPU: 15.1GB
2026-09-29 21:39:11 [ABD3D] 20:39:11 Fetching batch...
2026-09-29 21:39:11 [ABD3D] 20:39:11 Batch ready ✅
2026-09-29 21:39:11 [ABD3D] 20:39:11 Forward pass...
2026-09-29 21:39:11 [ABD3D] 20:39:11 Forward done ✅
2026-09-29 21:39:12 [ABD3D] 20:39:12 WandB logging...
2026-09-29 21:39:12 [ABD3D] 20:39:12 WandB done ✅
2026-09-29 21:39:12 Step 11381/999999999998 | Loss: 0.8166 | MSE: 0.8116 | LPIPS: 0.3532 | KL: 0.0000 | KLw: 1.00 | LR: 2.50e-05 | W: 1.00/0.014/1e-02 | GPU: 15.1GB
2026-09-29 21:39:12 [ABD3D] 20:39:12 Fetching batch...
2026-09-29 21:39:12 [ABD3D] Yielded 192 samples from shard ✅
2026-09-29 21:39:12 [ABD3D] Deleted shard dome_objaverse/0/13533.parquet ✅
2026-09-29 21:39:12 [ABD3D] Advanced to shard 487/83296
2026-09-29 21:39:12 [ABD3D] Shard done → next shard (step 11382)
2026-09-29 21:39:12 [ABD3D] Loaded 83296 shards from local cache ✅
2026-09-29 21:39:12 [ABD3D] 20:39:12 Fetching batch...
2026-09-29 21:39:12 [ABD3D] Loading shard 487/83296: dome_objaverse/0/13535.parquet
2026-09-29 21:39:12 [ABD3D] Downloading: dome_objaverse/0/13535.parquet (attempt 1/5)
2026-09-29 21:39:13 [ABD3D] Downloaded 6.7MB ✅
2026-09-29 21:39:13 [ABD3D] Decoded rows 32/48; valid views buffered: 32
2026-09-29 21:39:13 [ABD3D] 20:39:13 Batch ready ✅
2026-09-29 21:39:13 [ABD3D] 20:39:13 Forward pass...
2026-09-29 21:39:13 [ABD3D] 20:39:13 Forward done ✅
2026-09-29 21:39:14 [ABD3D] 20:39:14 WandB logging...
2026-09-29 21:39:14 [ABD3D] 20:39:14 WandB done ✅
2026-09-29 21:39:14 Step 11382/999999999998 | Loss: 0.9829 | MSE: 0.9795 | LPIPS: 0.2427 | KL: 0.0000 | KLw: 1.00 | LR: 2.50e-05 | W: 1.00/0.014/1e-02 | GPU: 15.1GB
2026-09-29 21:39:14 [ABD3D] 20:39:14 Fetching batch...
2026-09-29 21:39:15 [ABD3D] 20:39:15 Batch ready ✅
2026-09-29 21:39:15 [ABD3D] 20:39:15 Forward pass...
2026-09-29 21:39:15 [ABD3D] 20:39:15 Forward done ✅
2026-09-29 21:39:16 [ABD3D] 20:39:16 WandB logging...
2026-09-29 21:39:16 [ABD3D] 20:39:16 WandB done ✅
2026-09-29 21:39:16 Step 11383/999999999998 | Loss: 0.9828 | MSE: 0.9794 | LPIPS: 0.2426 | KL: 0.0000 | KLw: 1.00 | LR: 2.50e-05 | W: 1.00/0.014/1e-02 | GPU: 15.1GB
2026-09-29 21:39:16 [ABD3D] 20:39:16 Fetching batch...
2026-09-29 21:39:16 [ABD3D] 20:39:16 Batch ready ✅
2026-09-29 21:39:16 [ABD3D] 20:39:16 Forward pass...
2026-09-29 21:39:16 [ABD3D] 20:39:16 Forward done ✅
2026-09-29 21:39:17 [ABD3D] 20:39:17 WandB logging...
2026-09-29 21:39:17 [ABD3D] 20:39:17 WandB done ✅
2026-09-29 21:39:17 Step 11384/999999999998 | Loss: 0.9830 | MSE: 0.9796 | LPIPS: 0.2423 | KL: 0.0000 | KLw: 1.00 | LR: 2.50e-05 | W: 1.00/0.014/1e-02 | GPU: 15.1GB
2026-09-29 21:39:17 [ABD3D] 20:39:17 Fetching batch...
2026-09-29 21:39:17 [ABD3D] 20:39:17 Batch ready ✅
2026-09-29 21:39:17 [ABD3D] 20:39:17 Forward pass...
2026-09-29 21:39:17 [ABD3D] 20:39:17 Forward done ✅
2026-09-29 21:39:19 [ABD3D] 20:39:19 WandB logging...
2026-09-29 21:39:19 [ABD3D] 20:39:19 WandB done ✅
2026-09-29 21:39:19 Step 11385/999999999998 | Loss: 0.9828 | MSE: 0.9794 | LPIPS: 0.2427 | KL: 0.0000 | KLw: 1.00 | LR: 2.50e-05 | W: 1.00/0.014/1e-02 | GPU: 15.1GB
2026-09-29 21:39:19 [ABD3D] 20:39:19 Fetching batch...
2026-09-29 21:39:19 [ABD3D] 20:39:19 Batch ready ✅
2026-09-29 21:39:19 [ABD3D] 20:39:19 Forward pass...
2026-09-29 21:39:19 [ABD3D] 20:39:19 Forward done ✅
2026-09-29 21:39:20 [ABD3D] 20:39:20 WandB logging...
2026-09-29 21:39:20 [ABD3D] 20:39:20 WandB done ✅
2026-09-29 21:39:20 Step 11386/999999999998 | Loss: 0.9828 | MSE: 0.9793 | LPIPS: 0.2429 | KL: 0.0000 | KLw: 1.00 | LR: 2.50e-05 | W: 1.00/0.014/1e-02 | GPU: 15.1GB
2026-09-29 21:39:20 [ABD3D] 20:39:20 Fetching batch...
2026-09-29 21:39:20 [ABD3D] 20:39:20 Batch ready ✅
2026-09-29 21:39:20 [ABD3D] 20:39:20 Forward pass...
2026-09-29 21:39:20 [ABD3D] 20:39:20 Forward done ✅
2026-09-29 21:39:21 [ABD3D] 20:39:21 WandB logging...
2026-09-29 21:39:21 [ABD3D] 20:39:21 WandB done ✅
2026-09-29 21:39:21 Step 11387/999999999998 | Loss: 0.9834 | MSE: 0.9800 | LPIPS: 0.2416 | KL: 0.0000 | KLw: 1.00 | LR: 2.50e-05 | W: 1.00/0.014/1e-02 | GPU: 15.1GB
2026-09-29 21:39:21 [ABD3D] 20:39:21 Fetching batch...
2026-09-29 21:39:22 [ABD3D] 20:39:22 Batch ready ✅
2026-09-29 21:39:22 [ABD3D] 20:39:22 Forward pass...
2026-09-29 21:39:22 [ABD3D] 20:39:22 Forward done ✅
2026-09-29 21:39:23 [ABD3D] 20:39:23 WandB logging...
2026-09-29 21:39:23 [ABD3D] 20:39:23 WandB done ✅
2026-09-29 21:39:23 Step 11388/999999999998 | Loss: 0.9813 | MSE: 0.9779 | LPIPS: 0.2408 | KL: 0.0000 | KLw: 1.00 | LR: 2.50e-05 | W: 1.00/0.014/1e-02 | GPU: 15.1GB
2026-09-29 21:39:23 [ABD3D] 20:39:23 Fetching batch...
2026-09-29 21:39:23 [ABD3D] 20:39:23 Batch ready ✅
2026-09-29 21:39:23 [ABD3D] 20:39:23 Forward pass...
2026-09-29 21:39:23 [ABD3D] 20:39:23 Forward done ✅
2026-09-29 21:39:24 [ABD3D] 20:39:24 WandB logging...
2026-09-29 21:39:24 [ABD3D] 20:39:24 WandB done ✅
2026-09-29 21:39:24 Step 11389/999999999998 | Loss: 0.9814 | MSE: 0.9780 | LPIPS: 0.2408 | KL: 0.0000 | KLw: 1.00 | LR: 2.50e-05 | W: 1.00/0.014/1e-02 | GPU: 15.1GB
2026-09-29 21:39:24 [ABD3D] 20:39:24 Fetching batch...
2026-09-29 21:39:24 [ABD3D] 20:39:24 Batch ready ✅
2026-09-29 21:39:24 [ABD3D] 20:39:24 Forward pass...
2026-09-29 21:39:24 [ABD3D] 20:39:24 Forward done ✅
2026-09-29 21:39:26 [ABD3D] 20:39:26 WandB logging...
2026-09-29 21:39:26 [ABD3D] 20:39:26 WandB done ✅
2026-09-29 21:39:26 Step 11390/999999999998 | Loss: 0.9813 | MSE: 0.9779 | LPIPS: 0.2409 | KL: 0.0000 | KLw: 1.00 | LR: 2.50e-05 | W: 1.00/0.014/1e-02 | GPU: 15.1GB
2026-09-29 21:39:26 [ABD3D] 20:39:26 Fetching batch...
2026-09-29 21:39:26 [ABD3D] 20:39:26 Batch ready ✅
2026-09-29 21:39:26 [ABD3D] 20:39:26 Forward pass...
2026-09-29 21:39:26 [ABD3D] 20:39:26 Forward done ✅
2026-09-29 21:39:27 [ABD3D] 20:39:27 WandB logging...
2026-09-29 21:39:27 [ABD3D] 20:39:27 WandB done ✅
2026-09-29 21:39:27 Step 11391/999999999998 | Loss: 0.9811 | MSE: 0.9777 | LPIPS: 0.2417 | KL: 0.0000 | KLw: 1.00 | LR: 2.50e-05 | W: 1.00/0.014/1e-02 | GPU: 15.1GB
2026-09-29 21:39:27 [ABD3D] 20:39:27 Fetching batch...
2026-09-29 21:39:27 [ABD3D] 20:39:27 Batch ready ✅
2026-09-29 21:39:27 [ABD3D] 20:39:27 Forward pass...
2026-09-29 21:39:27 [ABD3D] 20:39:27 Forward done ✅
2026-09-29 21:39:28 [ABD3D] 20:39:28 WandB logging...
2026-09-29 21:39:28 [ABD3D] 20:39:28 WandB done ✅
2026-09-29 21:39:28 Step 11392/999999999998 | Loss: 0.9816 | MSE: 0.9782 | LPIPS: 0.2403 | KL: 0.0000 | KLw: 1.00 | LR: 2.50e-05 | W: 1.00/0.014/1e-02 | GPU: 15.1GB
2026-09-29 21:39:28 [ABD3D] 20:39:28 Fetching batch...
2026-09-29 21:39:28 [ABD3D] 20:39:28 Batch ready ✅
2026-09-29 21:39:28 [ABD3D] 20:39:28 Forward pass...
2026-09-29 21:39:28 [ABD3D] 20:39:28 Forward done ✅
2026-09-29 21:39:30 [ABD3D] 20:39:30 WandB logging...
2026-09-29 21:39:30 [ABD3D] 20:39:30 WandB done ✅
2026-09-29 21:39:30 Step 11393/999999999998 | Loss: 0.9812 | MSE: 0.9778 | LPIPS: 0.2411 | KL: 0.0000 | KLw: 1.00 | LR: 2.50e-05 | W: 1.00/0.014/1e-02 | GPU: 15.1GB
2026-09-29 21:39:30 [ABD3D] 20:39:30 Fetching batch...
2026-09-29 21:39:30 [ABD3D] 20:39:30 Batch ready ✅
2026-09-29 21:39:30 [ABD3D] 20:39:30 Forward pass...
2026-09-29 21:39:30 [ABD3D] 20:39:30 Forward done ✅
2026-09-29 21:39:31 [ABD3D] 20:39:31 WandB logging...
2026-09-29 21:39:31 [ABD3D] 20:39:31 WandB done ✅
2026-09-29 21:39:31 Step 11394/999999999998 | Loss: 0.9810 | MSE: 0.9776 | LPIPS: 0.2395 | KL: 0.0000 | KLw: 1.00 | LR: 2.50e-05 | W: 1.00/0.014/1e-02 | GPU: 15.1GB
2026-09-29 21:39:31 [ABD3D] 20:39:31 Fetching batch...
2026-09-29 21:39:31 [ABD3D] 20:39:31 Batch ready ✅
2026-09-29 21:39:31 [ABD3D] 20:39:31 Forward pass...
2026-09-29 21:39:32 [ABD3D] 20:39:32 Forward done ✅
2026-09-29 21:39:33 [ABD3D] 20:39:33 WandB logging...
2026-09-29 21:39:33 [ABD3D] 20:39:33 WandB done ✅
2026-09-29 21:39:33 Step 11395/999999999998 | Loss: 0.9811 | MSE: 0.9777 | LPIPS: 0.2395 | KL: 0.0000 | KLw: 1.00 | LR: 2.50e-05 | W: 1.00/0.014/1e-02 | GPU: 15.1GB
2026-09-29 21:39:33 [ABD3D] 20:39:33 Fetching batch...
2026-09-29 21:39:33 [ABD3D] 20:39:33 Batch ready ✅
2026-09-29 21:39:33 [ABD3D] 20:39:33 Forward pass...
2026-09-29 21:39:33 [ABD3D] 20:39:33 Forward done ✅
2026-09-29 21:39:34 [ABD3D] 20:39:34 WandB logging...
2026-09-29 21:39:34 [ABD3D] 20:39:34 WandB done ✅
2026-09-29 21:39:34 Step 11396/999999999998 | Loss: 0.9811 | MSE: 0.9777 | LPIPS: 0.2392 | KL: 0.0000 | KLw: 1.00 | LR: 2.50e-05 | W: 1.00/0.014/1e-02 | GPU: 15.1GB
2026-09-29 21:39:34 [ABD3D] 20:39:34 Fetching batch...
2026-09-29 21:39:34 [ABD3D] 20:39:34 Batch ready ✅
2026-09-29 21:39:34 [ABD3D] 20:39:34 Forward pass...
2026-09-29 21:39:34 [ABD3D] 20:39:34 Forward done ✅
2026-09-29 21:39:36 [ABD3D] 20:39:36 WandB logging...
2026-09-29 21:39:36 [ABD3D] 20:39:36 WandB done ✅
2026-09-29 21:39:36 Step 11397/999999999998 | Loss: 0.9811 | MSE: 0.9777 | LPIPS: 0.2393 | KL: 0.0000 | KLw: 1.00 | LR: 2.50e-05 | W: 1.00/0.014/1e-02 | GPU: 15.1GB
2026-09-29 21:39:36 [ABD3D] 20:39:36 Fetching batch...
2026-09-29 21:39:36 [ABD3D] 20:39:36 Batch ready ✅
2026-09-29 21:39:36 [ABD3D] 20:39:36 Forward pass...
2026-09-29 21:39:36 [ABD3D] 20:39:36 Forward done ✅
2026-09-29 21:39:37 [ABD3D] 20:39:37 WandB logging...
2026-09-29 21:39:37 [ABD3D] 20:39:37 WandB done ✅
2026-09-29 21:39:37 Step 11398/999999999998 | Loss: 0.9811 | MSE: 0.9777 | LPIPS: 0.2387 | KL: 0.0000 | KLw: 1.00 | LR: 2.50e-05 | W: 1.00/0.014/1e-02 | GPU: 15.1GB
2026-09-29 21:39:37 [ABD3D] 20:39:37 Fetching batch...
2026-09-29 21:39:37 [ABD3D] 20:39:37 Batch ready ✅
2026-09-29 21:39:37 [ABD3D] 20:39:37 Forward pass...
2026-09-29 21:39:37 [ABD3D] 20:39:37 Forward done ✅
2026-09-29 21:39:38 [ABD3D] 20:39:38 WandB logging...
2026-09-29 21:39:38 [ABD3D] 20:39:38 WandB done ✅
2026-09-29 21:39:38 Step 11399/999999999998 | Loss: 0.9811 | MSE: 0.9777 | LPIPS: 0.2394 | KL: 0.0000 | KLw: 1.00 | LR: 2.50e-05 | W: 1.00/0.014/1e-02 | GPU: 15.1GB
2026-09-29 21:39:38 [ABD3D] 20:39:38 Fetching batch...
2026-09-29 21:39:38 [ABD3D] 20:39:38 Batch ready ✅
2026-09-29 21:39:38 [ABD3D] 20:39:38 Forward pass...
2026-09-29 21:39:38 [ABD3D] 20:39:38 Forward done ✅
2026-09-29 21:39:40 [ABD3D] 20:39:40 WandB logging...
2026-09-29 21:39:40 [ABD3D] 20:39:40 WandB done ✅
2026-09-29 21:39:40 Step 11400/999999999998 | Loss: 0.9834 | MSE: 0.9801 | LPIPS: 0.2379 | KL: 0.0000 | KLw: 1.00 | LR: 2.50e-05 | W: 1.00/0.014/1e-02 | GPU: 15.1GB
2026-09-29 21:39:40 [ABD3D] 20:39:40 Fetching batch...
2026-09-29 21:39:40 [ABD3D] 20:39:40 Batch ready ✅
2026-09-29 21:39:40 [ABD3D] 20:39:40 Forward pass...
2026-09-29 21:39:40 [ABD3D] 20:39:40 Forward done ✅
2026-09-29 21:39:41 [ABD3D] 20:39:41 WandB logging...
2026-09-29 21:39:41 [ABD3D] 20:39:41 WandB done ✅
2026-09-29 21:39:41 Step 11401/999999999998 | Loss: 0.9834 | MSE: 0.9801 | LPIPS: 0.2382 | KL: 0.0000 | KLw: 1.00 | LR: 2.50e-05 | W: 1.00/0.014/1e-02 | GPU: 15.1GB
2026-09-29 21:39:41 [ABD3D] 20:39:41 Fetching batch...
2026-09-29 21:39:41 [ABD3D] 20:39:41 Batch ready ✅
2026-09-29 21:39:41 [ABD3D] 20:39:41 Forward pass...
2026-09-29 21:39:41 [ABD3D] 20:39:41 Forward done ✅
2026-09-29 21:39:43 [ABD3D] 20:39:43 WandB logging...
2026-09-29 21:39:43 [ABD3D] 20:39:43 WandB done ✅
2026-09-29 21:39:43 Step 11402/999999999998 | Loss: 0.9834 | MSE: 0.9801 | LPIPS: 0.2382 | KL: 0.0000 | KLw: 1.00 | LR: 2.50e-05 | W: 1.00/0.014/1e-02 | GPU: 15.1GB
2026-09-29 21:39:43 [ABD3D] 20:39:43 Fetching batch...
2026-09-29 21:39:43 [ABD3D] 20:39:43 Batch ready ✅
2026-09-29 21:39:43 [ABD3D] 20:39:43 Forward pass...
2026-09-29 21:39:43 [ABD3D] 20:39:43 Forward done ✅
2026-09-29 21:39:44 [ABD3D] 20:39:44 WandB logging...
2026-09-29 21:39:44 [ABD3D] 20:39:44 WandB done ✅
2026-09-29 21:39:44 Step 11403/999999999998 | Loss: 0.9834 | MSE: 0.9800 | LPIPS: 0.2376 | KL: 0.0000 | KLw: 1.00 | LR: 2.50e-05 | W: 1.00/0.014/1e-02 | GPU: 15.1GB
2026-09-29 21:39:44 [ABD3D] 20:39:44 Fetching batch...
2026-09-29 21:39:44 [ABD3D] 20:39:44 Batch ready ✅
2026-09-29 21:39:44 [ABD3D] 20:39:44 Forward pass...
2026-09-29 21:39:44 [ABD3D] 20:39:44 Forward done ✅
2026-09-29 21:39:45 [ABD3D] 20:39:45 WandB logging...
2026-09-29 21:39:45 [ABD3D] 20:39:45 WandB done ✅
2026-09-29 21:39:45 Step 11404/999999999998 | Loss: 0.9834 | MSE: 0.9801 | LPIPS: 0.2380 | KL: 0.0000 | KLw: 1.00 | LR: 2.50e-05 | W: 1.00/0.014/1e-02 | GPU: 15.1GB
2026-09-29 21:39:45 [ABD3D] 20:39:45 Fetching batch...
2026-09-29 21:39:45 [ABD3D] 20:39:45 Batch ready ✅
2026-09-29 21:39:45 [ABD3D] 20:39:45 Forward pass...
2026-09-29 21:39:45 [ABD3D] 20:39:45 Forward done ✅
2026-09-29 21:39:47 [ABD3D] 20:39:47 WandB logging...
2026-09-29 21:39:47 [ABD3D] 20:39:47 WandB done ✅
2026-09-29 21:39:47 Step 11405/999999999998 | Loss: 0.9834 | MSE: 0.9801 | LPIPS: 0.2383 | KL: 0.0000 | KLw: 1.00 | LR: 2.50e-05 | W: 1.00/0.014/1e-02 | GPU: 15.1GB
2026-09-29 21:39:47 [ABD3D] 20:39:47 Fetching batch...
2026-09-29 21:39:47 [ABD3D] Yielded 192 samples from shard ✅
2026-09-29 21:39:47 [ABD3D] Deleted shard dome_objaverse/0/13535.parquet ✅
2026-09-29 21:39:47 [ABD3D] Advanced to shard 488/83296
2026-09-29 21:39:47 [ABD3D] Shard done → next shard (step 11406)
2026-09-29 21:39:47 [ABD3D] Loaded 83296 shards from local cache ✅
2026-09-29 21:39:47 [ABD3D] 20:39:47 Fetching batch...
2026-09-29 21:39:47 [ABD3D] Loading shard 488/83296: dome_objaverse/0/13539.parquet
2026-09-29 21:39:47 [ABD3D] Downloading: dome_objaverse/0/13539.parquet (attempt 1/5)
2026-09-29 21:39:48 [ABD3D] Downloaded 24.1MB ✅
2026-09-29 21:39:48 [ABD3D] Decoded rows 32/48; valid views buffered: 32
2026-09-29 21:39:48 [ABD3D] 20:39:48 Batch ready ✅
2026-09-29 21:39:48 [ABD3D] 20:39:48 Forward pass...
2026-09-29 21:39:48 [ABD3D] 20:39:48 Forward done ✅
2026-09-29 21:39:50 [ABD3D] 20:39:50 WandB logging...
2026-09-29 21:39:50 [ABD3D] 20:39:50 WandB done ✅
2026-09-29 21:39:50 Step 11406/999999999998 | Loss: 0.9311 | MSE: 0.9274 | LPIPS: 0.2618 | KL: 0.0000 | KLw: 1.00 | LR: 2.50e-05 | W: 1.00/0.014/1e-02 | GPU: 15.1GB
2026-09-29 21:39:50 [ABD3D] 20:39:50 Fetching batch...
2026-09-29 21:39:50 [ABD3D] 20:39:50 Batch ready ✅
2026-09-29 21:39:50 [ABD3D] 20:39:50 Forward pass...
2026-09-29 21:39:50 [ABD3D] 20:39:50 Forward done ✅
2026-09-29 21:39:51 [ABD3D] 20:39:51 WandB logging...
2026-09-29 21:39:51 [ABD3D] 20:39:51 WandB done ✅
2026-09-29 21:39:51 Step 11407/999999999998 | Loss: 0.9303 | MSE: 0.9266 | LPIPS: 0.2625 | KL: 0.0000 | KLw: 1.00 | LR: 2.50e-05 | W: 1.00/0.014/1e-02 | GPU: 15.1GB
2026-09-29 21:39:51 [ABD3D] 20:39:51 Fetching batch...
2026-09-29 21:39:51 [ABD3D] 20:39:51 Batch ready ✅
2026-09-29 21:39:51 [ABD3D] 20:39:51 Forward pass...
2026-09-29 21:39:51 [ABD3D] 20:39:51 Forward done ✅
2026-09-29 21:39:52 [ABD3D] 20:39:52 WandB logging...
2026-09-29 21:39:52 [ABD3D] 20:39:52 WandB done ✅
2026-09-29 21:39:52 Step 11408/999999999998 | Loss: 0.9311 | MSE: 0.9274 | LPIPS: 0.2617 | KL: 0.0000 | KLw: 1.00 | LR: 2.50e-05 | W: 1.00/0.014/1e-02 | GPU: 15.1GB
2026-09-29 21:39:52 [ABD3D] 20:39:52 Fetching batch...
2026-09-29 21:39:52 [ABD3D] 20:39:52 Batch ready ✅
2026-09-29 21:39:52 [ABD3D] 20:39:52 Forward pass...
2026-09-29 21:39:52 [ABD3D] 20:39:52 Forward done ✅
2026-09-29 21:39:54 [ABD3D] 20:39:54 WandB logging...
2026-09-29 21:39:54 [ABD3D] 20:39:54 WandB done ✅
2026-09-29 21:39:54 Step 11409/999999999998 | Loss: 0.9306 | MSE: 0.9269 | LPIPS: 0.2621 | KL: 0.0000 | KLw: 1.00 | LR: 2.50e-05 | W: 1.00/0.014/1e-02 | GPU: 15.1GB
2026-09-29 21:39:54 [ABD3D] 20:39:54 Fetching batch...
2026-09-29 21:39:54 [ABD3D] 20:39:54 Batch ready ✅
2026-09-29 21:39:54 [ABD3D] 20:39:54 Forward pass...
2026-09-29 21:39:54 [ABD3D] 20:39:54 Forward done ✅
2026-09-29 21:39:55 [ABD3D] 20:39:55 WandB logging...
2026-09-29 21:39:55 [ABD3D] 20:39:55 WandB done ✅
2026-09-29 21:39:55 Step 11410/999999999998 | Loss: 0.9310 | MSE: 0.9273 | LPIPS: 0.2618 | KL: 0.0000 | KLw: 1.00 | LR: 2.50e-05 | W: 1.00/0.014/1e-02 | GPU: 15.1GB
2026-09-29 21:39:55 [ABD3D] 20:39:55 Fetching batch...
2026-09-29 21:39:55 [ABD3D] 20:39:55 Batch ready ✅
2026-09-29 21:39:55 [ABD3D] 20:39:55 Forward pass...
2026-09-29 21:39:55 [ABD3D] 20:39:55 Forward done ✅
2026-09-29 21:39:57 [ABD3D] 20:39:57 WandB logging...
2026-09-29 21:39:57 [ABD3D] 20:39:57 WandB done ✅
2026-09-29 21:39:57 Step 11411/999999999998 | Loss: 0.9310 | MSE: 0.9273 | LPIPS: 0.2618 | KL: 0.0000 | KLw: 1.00 | LR: 2.50e-05 | W: 1.00/0.014/1e-02 | GPU: 15.1GB
2026-09-29 21:39:57 [ABD3D] 20:39:57 Fetching batch...
2026-09-29 21:39:57 [ABD3D] 20:39:57 Batch ready ✅
2026-09-29 21:39:57 [ABD3D] 20:39:57 Forward pass...
2026-09-29 21:39:57 [ABD3D] 20:39:57 Forward done ✅
2026-09-29 21:39:58 [ABD3D] 20:39:58 WandB logging...
2026-09-29 21:39:58 [ABD3D] 20:39:58 WandB done ✅
2026-09-29 21:39:58 Step 11412/999999999998 | Loss: 0.8602 | MSE: 0.8561 | LPIPS: 0.2903 | KL: 0.0000 | KLw: 1.00 | LR: 2.50e-05 | W: 1.00/0.014/1e-02 | GPU: 15.1GB
2026-09-29 21:39:58 [ABD3D] 20:39:58 Fetching batch...
2026-09-29 21:39:58 [ABD3D] 20:39:58 Batch ready ✅
2026-09-29 21:39:58 [ABD3D] 20:39:58 Forward pass...
2026-09-29 21:39:58 [ABD3D] 20:39:58 Forward done ✅
2026-09-29 21:39:59 [ABD3D] 20:39:59 WandB logging...
2026-09-29 21:39:59 [ABD3D] 20:39:59 WandB done ✅
2026-09-29 21:39:59 Step 11413/999999999998 | Loss: 0.8602 | MSE: 0.8561 | LPIPS: 0.2903 | KL: 0.0000 | KLw: 1.00 | LR: 2.50e-05 | W: 1.00/0.014/1e-02 | GPU: 15.1GB
2026-09-29 21:39:59 [ABD3D] 20:39:59 Fetching batch...
2026-09-29 21:39:59 [ABD3D] 20:39:59 Batch ready ✅
2026-09-29 21:39:59 [ABD3D] 20:39:59 Forward pass...
2026-09-29 21:39:59 [ABD3D] 20:39:59 Forward done ✅
2026-09-29 21:40:01 [ABD3D] 20:40:01 WandB logging...
2026-09-29 21:40:01 [ABD3D] 20:40:01 WandB done ✅
2026-09-29 21:40:01 Step 11414/999999999998 | Loss: 0.8601 | MSE: 0.8560 | LPIPS: 0.2903 | KL: 0.0000 | KLw: 1.00 | LR: 2.50e-05 | W: 1.00/0.014/1e-02 | GPU: 15.1GB
2026-09-29 21:40:01 [ABD3D] 20:40:01 Fetching batch...
2026-09-29 21:40:01 [ABD3D] 20:40:01 Batch ready ✅
2026-09-29 21:40:01 [ABD3D] 20:40:01 Forward pass...
2026-09-29 21:40:01 [ABD3D] 20:40:01 Forward done ✅
2026-09-29 21:40:02 [ABD3D] 20:40:02 WandB logging...
2026-09-29 21:40:02 [ABD3D] 20:40:02 WandB done ✅
2026-09-29 21:40:02 Step 11415/999999999998 | Loss: 0.8607 | MSE: 0.8566 | LPIPS: 0.2899 | KL: 0.0000 | KLw: 1.00 | LR: 2.50e-05 | W: 1.00/0.014/1e-02 | GPU: 15.1GB
2026-09-29 21:40:02 [ABD3D] 20:40:02 Fetching batch...
2026-09-29 21:40:02 [ABD3D] 20:40:02 Batch ready ✅
2026-09-29 21:40:02 [ABD3D] 20:40:02 Forward pass...
2026-09-29 21:40:02 [ABD3D] 20:40:02 Forward done ✅
2026-09-29 21:40:03 [ABD3D] 20:40:03 WandB logging...
2026-09-29 21:40:03 [ABD3D] 20:40:03 WandB done ✅
2026-09-29 21:40:03 Step 11416/999999999998 | Loss: 0.8605 | MSE: 0.8564 | LPIPS: 0.2899 | KL: 0.0000 | KLw: 1.00 | LR: 2.50e-05 | W: 1.00/0.014/1e-02 | GPU: 15.1GB
2026-09-29 21:40:03 [ABD3D] 20:40:03 Fetching batch...
2026-09-29 21:40:04 [ABD3D] 20:40:04 Batch ready ✅
2026-09-29 21:40:04 [ABD3D] 20:40:04 Forward pass...
2026-09-29 21:40:04 [ABD3D] 20:40:04 Forward done ✅
2026-09-29 21:40:05 [ABD3D] 20:40:05 WandB logging...
2026-09-29 21:40:05 [ABD3D] 20:40:05 WandB done ✅
2026-09-29 21:40:05 Step 11417/999999999998 | Loss: 0.8605 | MSE: 0.8564 | LPIPS: 0.2899 | KL: 0.0000 | KLw: 1.00 | LR: 2.50e-05 | W: 1.00/0.014/1e-02 | GPU: 15.1GB
2026-09-29 21:40:05 [ABD3D] 20:40:05 Fetching batch...
2026-09-29 21:40:05 [ABD3D] 20:40:05 Batch ready ✅
2026-09-29 21:40:05 [ABD3D] 20:40:05 Forward pass...
2026-09-29 21:40:05 [ABD3D] 20:40:05 Forward done ✅
2026-09-29 21:40:07 [ABD3D] 20:40:07 WandB logging...
2026-09-29 21:40:07 [ABD3D] 20:40:07 WandB done ✅
2026-09-29 21:40:07 Step 11418/999999999998 | Loss: 0.8141 | MSE: 0.8097 | LPIPS: 0.3081 | KL: 0.0000 | KLw: 1.00 | LR: 2.50e-05 | W: 1.00/0.014/1e-02 | GPU: 15.1GB
2026-09-29 21:40:07 [ABD3D] 20:40:07 Fetching batch...
2026-09-29 21:40:07 [ABD3D] 20:40:07 Batch ready ✅
2026-09-29 21:40:07 [ABD3D] 20:40:07 Forward pass...
2026-09-29 21:40:07 [ABD3D] 20:40:07 Forward done ✅
2026-09-29 21:40:08 [ABD3D] 20:40:08 WandB logging...
2026-09-29 21:40:08 [ABD3D] 20:40:08 WandB done ✅
2026-09-29 21:40:08 Step 11419/999999999998 | Loss: 0.8141 | MSE: 0.8098 | LPIPS: 0.3080 | KL: 0.0000 | KLw: 1.00 | LR: 2.50e-05 | W: 1.00/0.014/1e-02 | GPU: 15.1GB
2026-09-29 21:40:08 [ABD3D] 20:40:08 Fetching batch...
2026-09-29 21:40:08 [ABD3D] 20:40:08 Batch ready ✅
2026-09-29 21:40:08 [ABD3D] 20:40:08 Forward pass...
2026-09-29 21:40:08 [ABD3D] 20:40:08 Forward done ✅
2026-09-29 21:40:09 [ABD3D] 20:40:09 WandB logging...
2026-09-29 21:40:09 [ABD3D] 20:40:09 WandB done ✅
2026-09-29 21:40:09 Step 11420/999999999998 | Loss: 0.8142 | MSE: 0.8098 | LPIPS: 0.3081 | KL: 0.0000 | KLw: 1.00 | LR: 2.50e-05 | W: 1.00/0.014/1e-02 | GPU: 15.1GB
2026-09-29 21:40:09 [ABD3D] 20:40:09 Fetching batch...
2026-09-29 21:40:10 [ABD3D] 20:40:10 Batch ready ✅
2026-09-29 21:40:10 [ABD3D] 20:40:10 Forward pass...
2026-09-29 21:40:10 [ABD3D] 20:40:10 Forward done ✅
2026-09-29 21:40:11 [ABD3D] 20:40:11 WandB logging...
2026-09-29 21:40:11 [ABD3D] 20:40:11 WandB done ✅
2026-09-29 21:40:11 Step 11421/999999999998 | Loss: 0.8141 | MSE: 0.8098 | LPIPS: 0.3080 | KL: 0.0000 | KLw: 1.00 | LR: 2.50e-05 | W: 1.00/0.014/1e-02 | GPU: 15.1GB
2026-09-29 21:40:11 [ABD3D] 20:40:11 Fetching batch...
2026-09-29 21:40:11 [ABD3D] 20:40:11 Batch ready ✅
2026-09-29 21:40:11 [ABD3D] 20:40:11 Forward pass...
2026-09-29 21:40:11 [ABD3D] 20:40:11 Forward done ✅
2026-09-29 21:40:12 [ABD3D] 20:40:12 WandB logging...
2026-09-29 21:40:12 [ABD3D] 20:40:12 WandB done ✅
2026-09-29 21:40:12 Step 11422/999999999998 | Loss: 0.8142 | MSE: 0.8098 | LPIPS: 0.3080 | KL: 0.0000 | KLw: 1.00 | LR: 2.50e-05 | W: 1.00/0.014/1e-02 | GPU: 15.1GB
2026-09-29 21:40:12 [ABD3D] 20:40:12 Fetching batch...
2026-09-29 21:40:12 [ABD3D] 20:40:12 Batch ready ✅
2026-09-29 21:40:12 [ABD3D] 20:40:12 Forward pass...
2026-09-29 21:40:12 [ABD3D] 20:40:12 Forward done ✅
2026-09-29 21:40:14 [ABD3D] 20:40:14 WandB logging...
2026-09-29 21:40:14 [ABD3D] 20:40:14 WandB done ✅
2026-09-29 21:40:14 Step 11423/999999999998 | Loss: 0.8142 | MSE: 0.8099 | LPIPS: 0.3082 | KL: 0.0000 | KLw: 1.00 | LR: 2.50e-05 | W: 1.00/0.014/1e-02 | GPU: 15.1GB
2026-09-29 21:40:14 [ABD3D] 20:40:14 Fetching batch...
2026-09-29 21:40:14 [ABD3D] 20:40:14 Batch ready ✅
2026-09-29 21:40:14 [ABD3D] 20:40:14 Forward pass...
2026-09-29 21:40:14 [ABD3D] 20:40:14 Forward done ✅
2026-09-29 21:40:15 [ABD3D] 20:40:15 WandB logging...
2026-09-29 21:40:15 [ABD3D] 20:40:15 WandB done ✅
2026-09-29 21:40:15 Step 11424/999999999998 | Loss: 0.8017 | MSE: 0.7973 | LPIPS: 0.3110 | KL: 0.0000 | KLw: 1.00 | LR: 2.50e-05 | W: 1.00/0.014/1e-02 | GPU: 15.1GB
2026-09-29 21:40:15 [ABD3D] 20:40:15 Fetching batch...
2026-09-29 21:40:15 [ABD3D] 20:40:15 Batch ready ✅
2026-09-29 21:40:15 [ABD3D] 20:40:15 Forward pass...
2026-09-29 21:40:15 [ABD3D] 20:40:15 Forward done ✅
2026-09-29 21:40:17 [ABD3D] 20:40:17 WandB logging...
2026-09-29 21:40:17 [ABD3D] 20:40:17 WandB done ✅
2026-09-29 21:40:17 Step 11425/999999999998 | Loss: 0.8017 | MSE: 0.7973 | LPIPS: 0.3110 | KL: 0.0000 | KLw: 1.00 | LR: 2.50e-05 | W: 1.00/0.014/1e-02 | GPU: 15.1GB
2026-09-29 21:40:17 [ABD3D] 20:40:17 Fetching batch...
2026-09-29 21:40:17 [ABD3D] 20:40:17 Batch ready ✅
2026-09-29 21:40:17 [ABD3D] 20:40:17 Forward pass...
2026-09-29 21:40:17 [ABD3D] 20:40:17 Forward done ✅
2026-09-29 21:40:18 [ABD3D] 20:40:18 WandB logging...
2026-09-29 21:40:18 [ABD3D] 20:40:18 WandB done ✅
2026-09-29 21:40:18 Step 11426/999999999998 | Loss: 0.8017 | MSE: 0.7973 | LPIPS: 0.3109 | KL: 0.0000 | KLw: 1.00 | LR: 2.50e-05 | W: 1.00/0.014/1e-02 | GPU: 15.1GB
2026-09-29 21:40:18 [ABD3D] 20:40:18 Fetching batch...
2026-09-29 21:40:18 [ABD3D] 20:40:18 Batch ready ✅
2026-09-29 21:40:18 [ABD3D] 20:40:18 Forward pass...
2026-09-29 21:40:18 [ABD3D] 20:40:18 Forward done ✅
2026-09-29 21:40:19 [ABD3D] 20:40:19 WandB logging...
2026-09-29 21:40:19 [ABD3D] 20:40:19 WandB done ✅
2026-09-29 21:40:19 Step 11427/999999999998 | Loss: 0.8017 | MSE: 0.7973 | LPIPS: 0.3111 | KL: 0.0000 | KLw: 1.00 | LR: 2.50e-05 | W: 1.00/0.014/1e-02 | GPU: 15.1GB
2026-09-29 21:40:19 [ABD3D] 20:40:19 Fetching batch...
2026-09-29 21:40:19 [ABD3D] 20:40:19 Batch ready ✅
2026-09-29 21:40:19 [ABD3D] 20:40:19 Forward pass...
2026-09-29 21:40:19 [ABD3D] 20:40:19 Forward done ✅
2026-09-29 21:40:21 [ABD3D] 20:40:21 WandB logging...
2026-09-29 21:40:21 [ABD3D] 20:40:21 WandB done ✅
2026-09-29 21:40:21 Step 11428/999999999998 | Loss: 0.8017 | MSE: 0.7973 | LPIPS: 0.3111 | KL: 0.0000 | KLw: 1.00 | LR: 2.50e-05 | W: 1.00/0.014/1e-02 | GPU: 15.1GB
2026-09-29 21:40:21 [ABD3D] 20:40:21 Fetching batch...
2026-09-29 21:40:21 [ABD3D] 20:40:21 Batch ready ✅
2026-09-29 21:40:21 [ABD3D] 20:40:21 Forward pass...
2026-09-29 21:40:21 [ABD3D] 20:40:21 Forward done ✅
2026-09-29 21:40:22 [ABD3D] 20:40:22 WandB logging...
2026-09-29 21:40:22 [ABD3D] 20:40:22 WandB done ✅
2026-09-29 21:40:22 Step 11429/999999999998 | Loss: 0.8017 | MSE: 0.7973 | LPIPS: 0.3109 | KL: 0.0000 | KLw: 1.00 | LR: 2.50e-05 | W: 1.00/0.014/1e-02 | GPU: 15.1GB
2026-09-29 21:40:22 [ABD3D] 20:40:22 Fetching batch...
2026-09-29 21:40:22 [ABD3D] Yielded 192 samples from shard ✅
2026-09-29 21:40:22 [ABD3D] Deleted shard dome_objaverse/0/13539.parquet ✅
2026-09-29 21:40:22 [ABD3D] Advanced to shard 489/83296
2026-09-29 21:40:22 [ABD3D] Shard done → next shard (step 11430)
2026-09-29 21:40:22 [ABD3D] Loaded 83296 shards from local cache ✅
2026-09-29 21:40:22 [ABD3D] 20:40:22 Fetching batch...
2026-09-29 21:40:22 [ABD3D] Loading shard 489/83296: dome_objaverse/0/13548.parquet
2026-09-29 21:40:22 [ABD3D] Downloading: dome_objaverse/0/13548.parquet (attempt 1/5)
2026-09-29 21:40:23 [ABD3D] Downloaded 47.2MB ✅
2026-09-29 21:40:24 [ABD3D] Decoded rows 32/48; valid views buffered: 32
2026-09-29 21:40:24 [ABD3D] 20:40:24 Batch ready ✅
2026-09-29 21:40:24 [ABD3D] 20:40:24 Forward pass...
2026-09-29 21:40:24 [ABD3D] 20:40:24 Forward done ✅
2026-09-29 21:40:25 [ABD3D] 20:40:25 WandB logging...
2026-09-29 21:40:25 [ABD3D] 20:40:25 WandB done ✅
2026-09-29 21:40:25 Step 11430/999999999998 | Loss: 0.7527 | MSE: 0.7481 | LPIPS: 0.3257 | KL: 0.0000 | KLw: 1.00 | LR: 2.50e-05 | W: 1.00/0.014/1e-02 | GPU: 15.1GB
2026-09-29 21:40:25 [ABD3D] 20:40:25 Fetching batch...
2026-09-29 21:40:26 [ABD3D] 20:40:26 Batch ready ✅
2026-09-29 21:40:26 [ABD3D] 20:40:26 Forward pass...
2026-09-29 21:40:26 [ABD3D] 20:40:26 Forward done ✅
2026-09-29 21:40:27 [ABD3D] 20:40:27 WandB logging...
2026-09-29 21:40:27 [ABD3D] 20:40:27 WandB done ✅
2026-09-29 21:40:27 Step 11431/999999999998 | Loss: 0.7527 | MSE: 0.7481 | LPIPS: 0.3257 | KL: 0.0000 | KLw: 1.00 | LR: 2.50e-05 | W: 1.00/0.014/1e-02 | GPU: 15.1GB
2026-09-29 21:40:27 [ABD3D] 20:40:27 Fetching batch...
2026-09-29 21:40:27 [ABD3D] 20:40:27 Batch ready ✅
2026-09-29 21:40:27 [ABD3D] 20:40:27 Forward pass...
2026-09-29 21:40:27 [ABD3D] 20:40:27 Forward done ✅
2026-09-29 21:40:28 [ABD3D] 20:40:28 WandB logging...
2026-09-29 21:40:28 [ABD3D] 20:40:28 WandB done ✅
2026-09-29 21:40:28 Step 11432/999999999998 | Loss: 0.7527 | MSE: 0.7481 | LPIPS: 0.3256 | KL: 0.0000 | KLw: 1.00 | LR: 2.50e-05 | W: 1.00/0.014/1e-02 | GPU: 15.1GB
2026-09-29 21:40:28 [ABD3D] 20:40:28 Fetching batch...
2026-09-29 21:40:28 [ABD3D] 20:40:28 Batch ready ✅
2026-09-29 21:40:28 [ABD3D] 20:40:28 Forward pass...
2026-09-29 21:40:28 [ABD3D] 20:40:28 Forward done ✅
2026-09-29 21:40:30 [ABD3D] 20:40:30 WandB logging...
2026-09-29 21:40:30 [ABD3D] 20:40:30 WandB done ✅
2026-09-29 21:40:30 Step 11433/999999999998 | Loss: 0.7526 | MSE: 0.7480 | LPIPS: 0.3257 | KL: 0.0000 | KLw: 1.00 | LR: 2.50e-05 | W: 1.00/0.014/1e-02 | GPU: 15.1GB
2026-09-29 21:40:30 [ABD3D] 20:40:30 Fetching batch...
2026-09-29 21:40:30 [ABD3D] 20:40:30 Batch ready ✅
2026-09-29 21:40:30 [ABD3D] 20:40:30 Forward pass...
2026-09-29 21:40:30 [ABD3D] 20:40:30 Forward done ✅
2026-09-29 21:40:31 [ABD3D] 20:40:31 WandB logging...
2026-09-29 21:40:31 [ABD3D] 20:40:31 WandB done ✅
2026-09-29 21:40:31 Step 11434/999999999998 | Loss: 0.7527 | MSE: 0.7481 | LPIPS: 0.3257 | KL: 0.0000 | KLw: 1.00 | LR: 2.50e-05 | W: 1.00/0.014/1e-02 | GPU: 15.1GB
2026-09-29 21:40:31 [ABD3D] 20:40:31 Fetching batch...
2026-09-29 21:40:31 [ABD3D] 20:40:31 Batch ready ✅
2026-09-29 21:40:31 [ABD3D] 20:40:31 Forward pass...
2026-09-29 21:40:31 [ABD3D] 20:40:31 Forward done ✅
2026-09-29 21:40:32 [ABD3D] 20:40:32 WandB logging...
2026-09-29 21:40:32 [ABD3D] 20:40:32 WandB done ✅
2026-09-29 21:40:32 Step 11435/999999999998 | Loss: 0.7527 | MSE: 0.7481 | LPIPS: 0.3257 | KL: 0.0000 | KLw: 1.00 | LR: 2.50e-05 | W: 1.00/0.014/1e-02 | GPU: 15.1GB
2026-09-29 21:40:33 [ABD3D] 20:40:32 Fetching batch...
2026-09-29 21:40:33 [ABD3D] 20:40:33 Batch ready ✅
2026-09-29 21:40:33 [ABD3D] 20:40:33 Forward pass...
2026-09-29 21:40:33 [ABD3D] 20:40:33 Forward done ✅
2026-09-29 21:40:34 [ABD3D] 20:40:34 WandB logging...
2026-09-29 21:40:34 [ABD3D] 20:40:34 WandB done ✅
2026-09-29 21:40:34 Step 11436/999999999998 | Loss: 0.7060 | MSE: 0.7011 | LPIPS: 0.3504 | KL: 0.0000 | KLw: 1.00 | LR: 2.50e-05 | W: 1.00/0.014/1e-02 | GPU: 15.1GB
2026-09-29 21:40:34 [ABD3D] 20:40:34 Fetching batch...
2026-09-29 21:40:34 [ABD3D] 20:40:34 Batch ready ✅
2026-09-29 21:40:34 [ABD3D] 20:40:34 Forward pass...
2026-09-29 21:40:34 [ABD3D] 20:40:34 Forward done ✅
2026-09-29 21:40:35 [ABD3D] 20:40:35 WandB logging...
2026-09-29 21:40:35 [ABD3D] 20:40:35 WandB done ✅
2026-09-29 21:40:35 Step 11437/999999999998 | Loss: 0.7060 | MSE: 0.7011 | LPIPS: 0.3504 | KL: 0.0000 | KLw: 1.00 | LR: 2.50e-05 | W: 1.00/0.014/1e-02 | GPU: 15.1GB
2026-09-29 21:40:35 [ABD3D] 20:40:35 Fetching batch...
2026-09-29 21:40:35 [ABD3D] 20:40:35 Batch ready ✅
2026-09-29 21:40:35 [ABD3D] 20:40:35 Forward pass...
2026-09-29 21:40:35 [ABD3D] 20:40:35 Forward done ✅
2026-09-29 21:40:37 [ABD3D] 20:40:37 WandB logging...
2026-09-29 21:40:37 [ABD3D] 20:40:37 WandB done ✅
2026-09-29 21:40:37 Step 11438/999999999998 | Loss: 0.7060 | MSE: 0.7011 | LPIPS: 0.3504 | KL: 0.0000 | KLw: 1.00 | LR: 2.50e-05 | W: 1.00/0.014/1e-02 | GPU: 15.1GB
2026-09-29 21:40:37 [ABD3D] 20:40:37 Fetching batch...
2026-09-29 21:40:37 [ABD3D] 20:40:37 Batch ready ✅
2026-09-29 21:40:37 [ABD3D] 20:40:37 Forward pass...
2026-09-29 21:40:37 [ABD3D] 20:40:37 Forward done ✅
2026-09-29 21:40:38 [ABD3D] 20:40:38 WandB logging...
2026-09-29 21:40:38 [ABD3D] 20:40:38 WandB done ✅
2026-09-29 21:40:38 Step 11439/999999999998 | Loss: 0.7060 | MSE: 0.7010 | LPIPS: 0.3504 | KL: 0.0000 | KLw: 1.00 | LR: 2.50e-05 | W: 1.00/0.014/1e-02 | GPU: 15.1GB
2026-09-29 21:40:38 [ABD3D] 20:40:38 Fetching batch...
2026-09-29 21:40:38 [ABD3D] 20:40:38 Batch ready ✅
2026-09-29 21:40:38 [ABD3D] 20:40:38 Forward pass...
2026-09-29 21:40:38 [ABD3D] 20:40:38 Forward done ✅
2026-09-29 21:40:40 [ABD3D] 20:40:40 WandB logging...
2026-09-29 21:40:40 [ABD3D] 20:40:40 WandB done ✅
2026-09-29 21:40:40 Step 11440/999999999998 | Loss: 0.7061 | MSE: 0.7011 | LPIPS: 0.3504 | KL: 0.0000 | KLw: 1.00 | LR: 2.50e-05 | W: 1.00/0.014/1e-02 | GPU: 15.1GB
2026-09-29 21:40:40 [ABD3D] 20:40:40 Fetching batch...
2026-09-29 21:40:40 [ABD3D] 20:40:40 Batch ready ✅
2026-09-29 21:40:40 [ABD3D] 20:40:40 Forward pass...
2026-09-29 21:40:40 [ABD3D] 20:40:40 Forward done ✅
2026-09-29 21:40:41 [ABD3D] 20:40:41 WandB logging...
2026-09-29 21:40:41 [ABD3D] 20:40:41 WandB done ✅
2026-09-29 21:40:41 Step 11441/999999999998 | Loss: 0.7060 | MSE: 0.7010 | LPIPS: 0.3504 | KL: 0.0000 | KLw: 1.00 | LR: 2.50e-05 | W: 1.00/0.014/1e-02 | GPU: 15.1GB
2026-09-29 21:40:41 [ABD3D] 20:40:41 Fetching batch...
2026-09-29 21:40:41 [ABD3D] 20:40:41 Batch ready ✅
2026-09-29 21:40:42 [ABD3D] 20:40:41 Forward pass...
2026-09-29 21:40:42 [ABD3D] 20:40:42 Forward done ✅
2026-09-29 21:40:43 [ABD3D] 20:40:43 WandB logging...
2026-09-29 21:40:43 [ABD3D] 20:40:43 WandB done ✅
2026-09-29 21:40:43 Step 11442/999999999998 | Loss: 0.7137 | MSE: 0.7085 | LPIPS: 0.3641 | KL: 0.0000 | KLw: 1.00 | LR: 2.50e-05 | W: 1.00/0.014/1e-02 | GPU: 15.1GB
2026-09-29 21:40:43 [ABD3D] 20:40:43 Fetching batch...
2026-09-29 21:40:43 [ABD3D] 20:40:43 Batch ready ✅
2026-09-29 21:40:43 [ABD3D] 20:40:43 Forward pass...
2026-09-29 21:40:43 [ABD3D] 20:40:43 Forward done ✅
2026-09-29 21:40:44 [ABD3D] 20:40:44 WandB logging...
2026-09-29 21:40:44 [ABD3D] 20:40:44 WandB done ✅
2026-09-29 21:40:44 Step 11443/999999999998 | Loss: 0.7137 | MSE: 0.7086 | LPIPS: 0.3640 | KL: 0.0000 | KLw: 1.00 | LR: 2.50e-05 | W: 1.00/0.014/1e-02 | GPU: 15.1GB
2026-09-29 21:40:44 [ABD3D] 20:40:44 Fetching batch...
2026-09-29 21:40:44 [ABD3D] 20:40:44 Batch ready ✅
2026-09-29 21:40:44 [ABD3D] 20:40:44 Forward pass...
2026-09-29 21:40:44 [ABD3D] 20:40:44 Forward done ✅
2026-09-29 21:40:46 [ABD3D] 20:40:46 WandB logging...
2026-09-29 21:40:46 [ABD3D] 20:40:46 WandB done ✅
2026-09-29 21:40:46 Step 11444/999999999998 | Loss: 0.7137 | MSE: 0.7086 | LPIPS: 0.3642 | KL: 0.0000 | KLw: 1.00 | LR: 2.50e-05 | W: 1.00/0.014/1e-02 | GPU: 15.1GB
2026-09-29 21:40:46 [ABD3D] 20:40:46 Fetching batch...
2026-09-29 21:40:46 [ABD3D] 20:40:46 Batch ready ✅
2026-09-29 21:40:46 [ABD3D] 20:40:46 Forward pass...
2026-09-29 21:40:46 [ABD3D] 20:40:46 Forward done ✅
2026-09-29 21:40:47 [ABD3D] 20:40:47 WandB logging...
2026-09-29 21:40:47 [ABD3D] 20:40:47 WandB done ✅
2026-09-29 21:40:47 Step 11445/999999999998 | Loss: 0.7137 | MSE: 0.7086 | LPIPS: 0.3641 | KL: 0.0000 | KLw: 1.00 | LR: 2.50e-05 | W: 1.00/0.014/1e-02 | GPU: 15.1GB
2026-09-29 21:40:47 [ABD3D] 20:40:47 Fetching batch...
2026-09-29 21:40:47 [ABD3D] 20:40:47 Batch ready ✅
2026-09-29 21:40:47 [ABD3D] 20:40:47 Forward pass...
2026-09-29 21:40:47 [ABD3D] 20:40:47 Forward done ✅
2026-09-29 21:40:48 [ABD3D] 20:40:48 WandB logging...
2026-09-29 21:40:48 [ABD3D] 20:40:48 WandB done ✅
2026-09-29 21:40:48 Step 11446/999999999998 | Loss: 0.7137 | MSE: 0.7086 | LPIPS: 0.3641 | KL: 0.0000 | KLw: 1.00 | LR: 2.50e-05 | W: 1.00/0.014/1e-02 | GPU: 15.1GB
2026-09-29 21:40:48 [ABD3D] 20:40:48 Fetching batch...
2026-09-29 21:40:49 [ABD3D] 20:40:49 Batch ready ✅
2026-09-29 21:40:49 [ABD3D] 20:40:49 Forward pass...
2026-09-29 21:40:49 [ABD3D] 20:40:49 Forward done ✅
2026-09-29 21:40:50 [ABD3D] 20:40:50 WandB logging...
2026-09-29 21:40:50 [ABD3D] 20:40:50 WandB done ✅
2026-09-29 21:40:50 Step 11447/999999999998 | Loss: 0.7137 | MSE: 0.7085 | LPIPS: 0.3642 | KL: 0.0000 | KLw: 1.00 | LR: 2.50e-05 | W: 1.00/0.014/1e-02 | GPU: 15.1GB
2026-09-29 21:40:50 [ABD3D] 20:40:50 Fetching batch...
2026-09-29 21:40:50 [ABD3D] 20:40:50 Batch ready ✅
2026-09-29 21:40:50 [ABD3D] 20:40:50 Forward pass...
2026-09-29 21:40:50 [ABD3D] 20:40:50 Forward done ✅
2026-09-29 21:40:51 [ABD3D] 20:40:51 WandB logging...
2026-09-29 21:40:51 [ABD3D] 20:40:51 WandB done ✅
2026-09-29 21:40:51 Step 11448/999999999998 | Loss: 0.6852 | MSE: 0.6798 | LPIPS: 0.3810 | KL: 0.0000 | KLw: 1.00 | LR: 2.50e-05 | W: 1.00/0.014/1e-02 | GPU: 15.1GB
2026-09-29 21:40:51 [ABD3D] 20:40:51 Fetching batch...
2026-09-29 21:40:51 [ABD3D] 20:40:51 Batch ready ✅
2026-09-29 21:40:51 [ABD3D] 20:40:51 Forward pass...
2026-09-29 21:40:51 [ABD3D] 20:40:51 Forward done ✅
2026-09-29 21:40:53 [ABD3D] 20:40:53 WandB logging...
2026-09-29 21:40:53 [ABD3D] 20:40:53 WandB done ✅
2026-09-29 21:40:53 Step 11449/999999999998 | Loss: 0.6852 | MSE: 0.6798 | LPIPS: 0.3809 | KL: 0.0000 | KLw: 1.00 | LR: 2.50e-05 | W: 1.00/0.014/1e-02 | GPU: 15.1GB
2026-09-29 21:40:53 [ABD3D] 20:40:53 Fetching batch...
2026-09-29 21:40:53 [ABD3D] 20:40:53 Batch ready ✅
2026-09-29 21:40:53 [ABD3D] 20:40:53 Forward pass...
2026-09-29 21:40:53 [ABD3D] 20:40:53 Forward done ✅
2026-09-29 21:40:54 [ABD3D] 20:40:54 WandB logging...
2026-09-29 21:40:54 [ABD3D] 20:40:54 WandB done ✅
2026-09-29 21:40:54 Step 11450/999999999998 | Loss: 0.6852 | MSE: 0.6798 | LPIPS: 0.3809 | KL: 0.0000 | KLw: 1.00 | LR: 2.50e-05 | W: 1.00/0.014/1e-02 | GPU: 15.1GB
2026-09-29 21:40:54 [ABD3D] 20:40:54 Fetching batch...
2026-09-29 21:40:54 [ABD3D] 20:40:54 Batch ready ✅
2026-09-29 21:40:54 [ABD3D] 20:40:54 Forward pass...
2026-09-29 21:40:54 [ABD3D] 20:40:54 Forward done ✅
2026-09-29 21:40:56 [ABD3D] 20:40:56 WandB logging...
2026-09-29 21:40:56 [ABD3D] 20:40:56 WandB done ✅
2026-09-29 21:40:56 Step 11451/999999999998 | Loss: 0.6852 | MSE: 0.6798 | LPIPS: 0.3810 | KL: 0.0000 | KLw: 1.00 | LR: 2.50e-05 | W: 1.00/0.014/1e-02 | GPU: 15.1GB
2026-09-29 21:40:56 [ABD3D] 20:40:56 Fetching batch...
2026-09-29 21:40:56 [ABD3D] 20:40:56 Batch ready ✅
2026-09-29 21:40:56 [ABD3D] 20:40:56 Forward pass...
2026-09-29 21:40:56 [ABD3D] 20:40:56 Forward done ✅
2026-09-29 21:40:57 [ABD3D] 20:40:57 WandB logging...
2026-09-29 21:40:57 [ABD3D] 20:40:57 WandB done ✅
2026-09-29 21:40:57 Step 11452/999999999998 | Loss: 0.6852 | MSE: 0.6798 | LPIPS: 0.3810 | KL: 0.0000 | KLw: 1.00 | LR: 2.50e-05 | W: 1.00/0.014/1e-02 | GPU: 15.1GB
2026-09-29 21:40:57 [ABD3D] 20:40:57 Fetching batch...
2026-09-29 21:40:57 [ABD3D] 20:40:57 Batch ready ✅
2026-09-29 21:40:57 [ABD3D] 20:40:57 Forward pass...
2026-09-29 21:40:57 [ABD3D] 20:40:57 Forward done ✅
2026-09-29 21:40:59 [ABD3D] 20:40:59 WandB logging...
2026-09-29 21:40:59 [ABD3D] 20:40:59 WandB done ✅
2026-09-29 21:40:59 Step 11453/999999999998 | Loss: 0.6852 | MSE: 0.6798 | LPIPS: 0.3809 | KL: 0.0000 | KLw: 1.00 | LR: 2.50e-05 | W: 1.00/0.014/1e-02 | GPU: 15.1GB
2026-09-29 21:40:59 [ABD3D] 20:40:59 Fetching batch...
2026-09-29 21:40:59 [ABD3D] Yielded 192 samples from shard ✅
2026-09-29 21:40:59 [ABD3D] Deleted shard dome_objaverse/0/13548.parquet ✅
2026-09-29 21:40:59 [ABD3D] Advanced to shard 490/83296
2026-09-29 21:40:59 [ABD3D] Shard done → next shard (step 11454)
2026-09-29 21:40:59 [ABD3D] Loaded 83296 shards from local cache ✅
2026-09-29 21:40:59 [ABD3D] 20:40:59 Fetching batch...
2026-09-29 21:40:59 [ABD3D] Loading shard 490/83296: dome_objaverse/0/13560.parquet
2026-09-29 21:40:59 [ABD3D] Downloading: dome_objaverse/0/13560.parquet (attempt 1/5)
2026-09-29 21:40:59 [ABD3D] Downloaded 9.9MB ✅
2026-09-29 21:41:00 [ABD3D] Decoded rows 32/48; valid views buffered: 32
2026-09-29 21:41:00 [ABD3D] 20:41:00 Batch ready ✅
2026-09-29 21:41:00 [ABD3D] 20:41:00 Forward pass...
2026-09-29 21:41:00 [ABD3D] 20:41:00 Forward done ✅
2026-09-29 21:41:01 [ABD3D] 20:41:01 WandB logging...
2026-09-29 21:41:01 [ABD3D] 20:41:01 WandB done ✅
2026-09-29 21:41:01 Step 11454/999999999998 | Loss: 0.9455 | MSE: 0.9418 | LPIPS: 0.2629 | KL: 0.0000 | KLw: 1.00 | LR: 2.50e-05 | W: 1.00/0.014/1e-02 | GPU: 15.1GB
2026-09-29 21:41:01 [ABD3D] 20:41:01 Fetching batch...
2026-09-29 21:41:01 [ABD3D] 20:41:01 Batch ready ✅
2026-09-29 21:41:01 [ABD3D] 20:41:01 Forward pass...
2026-09-29 21:41:01 [ABD3D] 20:41:01 Forward done ✅
2026-09-29 21:41:03 [ABD3D] 20:41:03 WandB logging...
2026-09-29 21:41:03 [ABD3D] 20:41:03 WandB done ✅
2026-09-29 21:41:03 Step 11455/999999999998 | Loss: 0.9458 | MSE: 0.9421 | LPIPS: 0.2623 | KL: 0.0000 | KLw: 1.00 | LR: 2.50e-05 | W: 1.00/0.014/1e-02 | GPU: 15.1GB
2026-09-29 21:41:03 [ABD3D] 20:41:03 Fetching batch...
2026-09-29 21:41:03 [ABD3D] 20:41:03 Batch ready ✅
2026-09-29 21:41:03 [ABD3D] 20:41:03 Forward pass...
2026-09-29 21:41:03 [ABD3D] 20:41:03 Forward done ✅